Id,ORGANIZATION,NAME,GENDER,SPECIALITY,ADDRESS,CITY,STATE,ZIP,LAT,LON,ENCOUNTERS,PROCEDURES
9327de6f-2796-3bc9-9f8d-b5a787b35f89,74ab949d-17ac-3309-83a0-13b4405c66aa,Gabriel934 Reilly981,F,GENERAL PRACTICE,881 Main Street,Fitchburg,MA,01420,42.586487,-71.80521,294,0
d4d05c82-e42a-305c-8125-a3c114624419,588f6ce6-b8db-3588-8189-29db2680a313,Gilberto712 Valdés907,M,GENERAL PRACTICE,461 WALNUT AVE,JAMAICA PLAIN,MA,021302331,42.311587599999996,-71.09800136347226,11,0
341492f4-de4c-349a-9463-26e4a3674910,324b4137-57a0-3ae0-89db-1c33f57ae0c1,Marquis364 Satterfield305,M,GENERAL PRACTICE,134 NORTH ST,NORTH READING,MA,018641315,42.5892341,-71.10546522083789,2,0
6c1ddb71-7233-3c1b-8cec-640d0a12bbe6,4112b8b1-59df-3255-a7ca-f42ee0a4cb2e,Nereida276 Feeney44,F,GENERAL PRACTICE,37 ROUTE 6A,SANDWICH,MA,025631801,41.766329400000004,-70.5147600346998,12,0
fff16bee-0693-396b-ab8e-159ba1e2b927,e09d4c49-c2ef-3b0f-9a46-3719d9219306,Jules135 Emard19,M,GENERAL PRACTICE,60 HOSPITAL RD,LEOMINSTER,MA,014533290,42.54031915,-71.76312990486304,393,0
86b435af-4545-3fea-bd48-61756982ceb6,c241b977-4131-32e4-9957-e0a00b2a1e5f,Brittanie254 Krajcik437,F,GENERAL PRACTICE,94 MAIN STREET,HYANNIS,MA,026013146,41.6562802,-70.27448000204822,1,0
1b002ebe-f93c-34b6-be0c-589f83877e2a,77645e49-3f69-3d1d-bb93-dc65210e2fac,Vella930 Ankunding277,F,GENERAL PRACTICE,363 HIGHLAND AVE,FALL RIVER,MA,027205246,41.7093779,-71.1460783680883,74,0
72ba6ded-aec2-3223-861a-7d246cc87c69,6fafb5d4-ecca-37ab-8d24-53036a8cbf1e,Shelley12 Nikolaus26,F,GENERAL PRACTICE,320 WEST CENTER STREET  2ND FLOOR,WEST BRIDGEWATER,MA,02379,42.016080599999995,-71.02601589317304,7,0
d0449678-d294-3f76-8f86-16342d2a1784,aa682136-a4df-3942-9f50-e6fcee6c0b73,Precious140 Runolfsson901,F,GENERAL PRACTICE,501 CORDWAINER DRIVE,NORWELL,MA,020611630,42.1647071,-70.88149077838713,8,0
8d179d70-27f6-3db0-948d-095d8d5cad9f,d2284f74-b6da-3a15-9791-84cdf2db18fb,Fernande593 Mosciski958,F,GENERAL PRACTICE,331 E FALMOUTH HWY,E FALMOUTH,MA,025366039,41.57853245,-70.5617374807812,63,0
8873bf1a-f754-36fc-a838-2916f0c6db52,5becf220-2978-3f33-bd38-9326947f85de,Thad495 Leannon79,M,GENERAL PRACTICE,240 LYNNFIELD STREET,PEABODY,MA,019605055,42.5141736,-70.97106354209534,9,0
af08cb35-ada5-3774-bde4-1eadc1676341,a418cf76-2ee3-3736-a752-29ee33e86015,Francene766 Kuhlman484,F,GENERAL PRACTICE,62 CENTER STREET,FAIRHAVEN,MA,027193823,41.63663425,-70.90101829397507,10,0
3b2e73d0-f278-3aa0-9451-1707eb16fbe9,2936ca90-6594-357d-be14-53fe0ab84dd1,Avis183 Ankunding277,F,GENERAL PRACTICE,11 TREMONT ST,KINGSTON,MA,023641231,42.00823215,-70.72984043580247,28,0
208bf8d3-da0f-36f1-965b-e20180302f0f,e3089df2-a1db-372a-b660-30392d8c197b,Isaiah615 Waters156,M,GENERAL PRACTICE,178 N MAIN ST,SHARON,MA,020671229,42.13301625,-71.17263163492832,40,0
018ee963-586b-3337-af05-773c634973de,42d4b607-f14d-370a-818e-40965685776c,Arlen68 Hettinger594,M,GENERAL PRACTICE,3 WASHINGTON ST STE 220,NORTH EASTON,MA,023561034,42.0667665,-71.1036592,58,0
2f089b5b-b7d4-39b3-b1c1-f7027b77868c,ab701a70-a658-340e-8f69-ee196a7d40c6,Jolie499 Parisian75,F,GENERAL PRACTICE,484 RTE 134,WORCESTER,MA,016071728,42.2625621,-71.8018877,191,0
1b09f066-5e24-37b2-954d-e289b15593b2,41e77ca4-b0d7-3c1d-ac88-4ae5a705913d,Wanita14 Pfeffer420,F,GENERAL PRACTICE,20 CLAFLIN STREET,MILFORD,MA,017573356,42.137601149999995,-71.51680334935877,1,0
c08db58b-6b1f-307a-b8cf-8462ea5b7b9b,11ba6a26-59b4-3728-a268-6dc9929962b4,Angelic427 McCullough561,F,GENERAL PRACTICE,200 GOVERNORS AVENUE,MEDFORD,MA,021551644,42.42711615,-71.1121606632448,16,0
e7088685-fab7-3ff7-ba0d-619cbf1a5b0c,71472d9b-aa5c-3b49-a5c3-d0eee8859015,Tyree261 Kutch271,M,GENERAL PRACTICE,118 WATERHOUSE RD STE C,BOURNE,MA,025328305,41.7281115,-70.5861571324252,185,0
b5b2e82d-b6a0-3de9-a0e5-3a2e1703f083,8a2e2731-3240-39d1-b4f0-cad14200937d,Carter549 Ritchie586,M,GENERAL PRACTICE,88 WASHINGTON ST,TAUNTON,MA,027802465,41.9062805,-71.09518121351795,98,0
40fea0a9-aca5-3d8e-b885-f5c15c69a3cc,52ecddd8-42f6-35cc-88a5-cf474c02fb49,Maxima831 Fahey393,F,GENERAL PRACTICE,94 OBERY STREET,PLYMOUTH,MA,023602130,41.93725,-70.65503160208334,9,0
a1c78026-a215-3deb-add6-f6d7606a7857,65450d34-6d61-3601-b325-9d471587b016,Leopoldo762 Moore224,M,GENERAL PRACTICE,4 COURTHOUSE LN,CHELMSFORD,MA,018241731,42.62439345,-71.35881000636567,33,0
33a52ee5-bb26-364b-a3b1-03646d9d4e71,2b376b69-72ac-3d68-aceb-018e82b8fc8f,Lucas404 Klocko335,M,GENERAL PRACTICE,113 CENTRAL AVE,HYDE PARK,MA,021363021,42.26077065,-71.1187885119897,1,0
ff559795-2c2d-3369-a641-5167322b5fe2,fa564970-fde4-332c-91d9-c0747b032d3e,Jeremy766 Hudson301,M,GENERAL PRACTICE,34 SOUTH LINCOLN STREET,NATICK,MA,017606049,42.2731232,-71.3105334275248,8,0
9e42732b-b426-3df2-bd25-2be6a823ab93,1311c44a-85cb-3aea-a143-e5d7892ced8b,Rudolf736 Reinger292,M,GENERAL PRACTICE,300 KENSINGTON AVE,SPRINGFIELD,MA,011071139,42.091896,-72.559437,52,0
876611ea-19dd-35a3-803b-265e8149dd5b,5fab4eec-522e-334a-a3e0-41605e009495,Lou594 Fadel536,M,GENERAL PRACTICE,485 FRANKLIN ST,FRAMINGHAM,MA,017026215,42.2901292,-71.42823088074331,1,0
aebe0b22-a29d-3a9b-9b0a-5752d3e48546,817a1428-2045-3e89-9fa2-ef7d287d6fa5,Gracia333 Schuster709,F,GENERAL PRACTICE,70-71 N PARISH RD,LAWRENCE,MA,01843,42.690315,-71.150015,85,0
21ef4995-8ae9-3749-9320-05cf52528e59,667b46fe-0afa-3f70-a311-bbe3d52db050,Joshua658 Borer986,M,GENERAL PRACTICE,757 BOSTON POST RD,WORCESTER,MA,016071728,42.231371,-72.165386,3,0
2507164a-8a0c-388a-b178-5939faf4f1e8,bdc3ee76-9cf3-316d-b202-a8da1ea3fa20,Laverna97 Rippin620,F,GENERAL PRACTICE,130 RUMFORD AVENUE  SUITE 211,AUBURNDALE,MA,024661370,42.35853505,-71.24125521214887,6,0
5ccffc11-17dc-3796-b2fd-665c9c3741b7,5d4da50c-8593-304f-b266-57d8f7d634a2,Danette111 Klein929,F,GENERAL PRACTICE,250 SHEARER ST,PALMER,MA,010691428,42.168634600000004,-72.33353526811578,2,0
7cf96867-a78e-3506-b92a-8f1468b4b231,643eac8e-1620-3b6a-b9f3-664b003d22cd,Lasonya941 Kiehn525,F,GENERAL PRACTICE,34 GIFFORD ST,NEW BEDFORD,MA,027442610,41.6177929,-70.91890087055067,88,0
c9707a64-9d45-301c-ba0b-14ac70ea51f8,8e3ca57f-6f74-3d61-9803-ab1424290216,Concha418 Mann644,F,GENERAL PRACTICE,89 MORTON STREET,ANDOVER,MA,018102036,42.6551409,-71.12857340697036,28,0
5681e61e-d453-3db5-aa42-8542c47f7ce3,5fcff9db-16e4-3e56-aa78-abbc16338097,Marcus77 Schamberger479,M,GENERAL PRACTICE,295 VARNUM AVE,WESTFORD,MA,018863513,42.5792583,-71.4378411,1047,0
cf42d5f1-8239-3812-a4ce-350c112c2bf1,fa09396a-2926-3b21-ad0c-9f6cabbce0eb,Óscar156 Zaragoza109,M,GENERAL PRACTICE,1210 BOSTON PROVIDENCE TPKE,NORWOOD,MA,020625061,42.1714075,-71.1951186,3,0
2836bd24-9bb0-3d75-b74a-ff702249bf96,40c01d75-1542-3e0b-8e5f-78d3031beba1,Daysi106 Reynolds644,F,GENERAL PRACTICE,505 PARADISE RD,SALEM,MA,019704267,42.485927,-70.900301,38,0
d7e7f8eb-891b-344c-9241-d7ec307e8193,84abfbd5-41c1-3df4-9b31-7ca93cb2309a,Cole117 Block661,M,GENERAL PRACTICE,85 HERRICK ST,BEVERLY,MA,019151790,42.56415055,-70.8751357650672,30,0
77bdfccc-a6dc-3d88-979f-2c65b9a37cf0,c272e12f-e154-3fee-b05d-b7c0cab2657d,Trinidad33 King743,M,GENERAL PRACTICE,800 WASHINGTON ST,NORWOOD,MA,020623487,42.1886973,-71.2005241,39,0
db010e4d-d69c-3937-aca7-e4635b46198a,b66db758-a205-3227-9cfb-bf19d2c1962d,Noreen211 Stroman228,F,GENERAL PRACTICE,121 HARVARD AVENUE  2ND FL,ALLSTON,MA,021342702,42.35241825,-71.13220132573996,14,0
31c8e851-6f7b-3fb5-8b95-7d06bf13895e,f6a306cf-7bd6-35f4-a6b7-2d07d273914c,Ariel183 Von197,M,GENERAL PRACTICE,63 FOUNTAIN ST STE 402,FRAMINGHAM,MA,017026280,42.27595495,-71.42631150114194,43,0
54ec355f-f481-3cc6-af69-7537e881b1f1,f549a720-814b-3dc6-ae77-6376a22564ee,Nichole96 Prosacco716,F,GENERAL PRACTICE,209 COUNTY RD,NORTH FALMOUTH,MA,02556,41.6459404,-70.6183639,3,0
9c309483-3446-34d3-b738-6bb1261e8d0b,32fcdfba-8c93-30f4-b15b-dd3b65c29deb,Jody426 Bernhard322,M,GENERAL PRACTICE,20 NORTH MAPLE STREET,HADLEY,MA,010359715,42.3615107,-72.55261320852942,6,0
8d1ea320-1554-3da3-b95a-1512e2908719,02c936e2-3aee-38b2-88a4-81f3689b7bb7,Aaron697 Kohler843,M,GENERAL PRACTICE,120 FISHER AVENUE,BOSTON,MA,021203320,42.3276141,-71.1051603,3,0
f45196f2-99bd-3d7d-bc80-729afd286e2f,609ec9f1-e806-3427-b912-9e3b2915521d,Terence292 Conn188,M,GENERAL PRACTICE,575 BEECH STREET,HOLYOKE,MA,010406604,42.20105435,-72.628169560868,38,0
3bdc9385-42da-3f02-acab-57bac2279976,bf556284-7513-3620-a10e-5393183a9a87,Tabatha105 Roob72,F,GENERAL PRACTICE,795 MIDDLE ST,FALL RIVER,MA,027211733,41.6924092,-71.16345107025307,158,0
5a84308f-f70e-3643-9f69-4bccdfb85e95,2b84e56e-08b4-3078-b3ea-4d159208e065,Verda448 Bahringer146,F,GENERAL PRACTICE,1029 PLEASANT ST,BRIDGEWATER,MA,023242301,41.9718173,-71.00937893001648,31,0
04b762c1-064e-3570-9d31-ec1f03296013,4ffa4412-1493-3beb-b8f0-6614dde953a4,Sulema841 Ryan260,F,GENERAL PRACTICE,363 HIGHLAND AVENUE,WAREHAM,MA,025715011,41.745636,-70.658192,684,0
a95c1b9f-f7cf-3dd0-add4-e24fed9a1912,ede4a423-6258-3ef5-b5ba-0fa6bb579563,Pablo44 Paucek755,M,GENERAL PRACTICE,326 NICHOLS ROAD,FITCHBURG,MA,014205478,42.5974358,-71.80761197366103,75,0
3b6d6dee-5dba-375c-ac39-f9e5f6654c4c,a14e698d-a9ba-3eae-9c8b-682ec726433d,Brian582 Cummerata161,M,GENERAL PRACTICE,776 WESTERN AVE,LYNN,MA,019052408,42.466763,-70.9494939,184,0
9688ea9f-8c20-3224-969a-a187366c8641,69eae27b-7445-3652-bd34-b535abe0b011,Hong136 Schneider199,F,GENERAL PRACTICE,9 BICKNELL ST,QUINCY,MA,021696003,42.252227399999995,-70.96584679278924,37,0
ade9f291-2015-3986-bcd8-74257cab6ff6,dd9914b0-9491-3330-a890-d34e95e497ea,Taylor21 Haley279,M,GENERAL PRACTICE,1061 PLEASANT ST,NEW BEDFORD,MA,027406728,41.64280275,-70.92865004309593,71,0
8cd59fd3-6f7a-3682-99e4-028ee75a398b,c3a898a1-c269-39b4-80d7-accb96a03bbc,Brock407 Friesen796,M,GENERAL PRACTICE,32 CHESTNUT ST,EAST LONGMEADOW,MA,010282803,42.0532618,-72.50214900582449,2,0
8cfa92e1-2fac-307b-9762-4005d713cb9a,a7147477-c4dd-3018-b921-2707d7e098ee,Chrystal576 Kreiger457,F,GENERAL PRACTICE,164 PARKINGWAY,QUINCY,MA,021695020,42.245070088637796,-71.00313070924581,18,0
ce7ac558-ac92-300b-a778-6094078ba154,5ba6765a-f335-36b0-9c6a-6bb494c5330d,Clemente531 Schamberger479,M,GENERAL PRACTICE,31 OLD ROUTE 7,WESTWOOD,MA,020902333,42.2139873,-71.2244987,95,0
7a25ea1a-19aa-3d58-b33f-d5bf61452a10,b6eeaaf7-1683-3bcb-b6ee-81ce304636ef,Zachery872 Pagac496,M,GENERAL PRACTICE,170 GOVERNORS AVE,MELROSE,MA,021763225,42.4564323,-71.064182,42,0
76092d01-f0b7-33b5-a819-aca64c4d51e5,1c42af32-f17e-32ec-b007-4ff8e2de493e,Sherman440 Wunsch504,M,GENERAL PRACTICE,235 NORTH PEARL STREET,STOUGHTON,MA,020723396,42.1004556,-71.0668392,5,0
0c354107-5372-3951-b904-96be17a0b131,65eda534-1bdc-3192-8d02-1c3764447790,Shanell37 Hand679,F,GENERAL PRACTICE,1244 BOYLSTON ST,CHESTNUT HILL,MA,024672115,42.3214927,-71.1711481,111,0
62df2770-d47f-3b63-940a-5e17aa62cd18,d613e441-68e8-3502-8adb-3f770a1276bf,Colin861 Witting912,M,GENERAL PRACTICE,114 WATER ST,MILFORD,MA,017573007,42.13661855,-71.53474614336832,89,0
fb3135dc-a41f-3ec8-a0b6-10e569201b19,de29a374-221b-3cb4-8051-a02c1a35e5b7,Gwyneth692 Marvin195,F,GENERAL PRACTICE,562 WASHINGTON ST,SOUTH ATTLEBORO,MA,027036942,41.912892049999996,-71.36135809627689,37,0
8a55529f-aa69-3d58-b53f-943b1b5aece8,b03b624d-c939-3688-986d-9555b8009a3b,Trinity427 Hartmann983,F,GENERAL PRACTICE,230 MAPLE ST,HOLYOKE,MA,010405144,42.207406,-72.608419,29,0
1e8c0427-c806-3daa-a22e-cd074a3582db,ff6d901b-6850-378b-87d0-97a8c499aa43,Kurt412 Ferry570,M,GENERAL PRACTICE,935 WASHINGTON ST,NORWOOD,MA,020623411,42.18396765,-71.2037844209652,4,0
a4da80a1-7a9c-35dd-bcd5-6ffc82c2e8a2,d3085315-9893-34c7-8889-3a31dc17c2b0,Ethyl508 Rau926,F,GENERAL PRACTICE,1428 MAIN ST STE 7,WALPOLE,MA,020811729,42.1325911,-71.2618886,52,0
6ed266f4-ec83-3ac1-9169-4a1ca992c243,469171e3-f6ec-3258-8e16-7038f6a439c0,Mireille557 Brakus656,F,GENERAL PRACTICE,COUNTRYSIDE DRIVE,MILFORD,MA,017571252,42.1413353,-71.5192019,6,0
6ed5052b-44f6-3638-9f68-5ef37c1f1eae,6da1fb82-e214-3226-b32c-e93faf0c3764,Hwa978 Hane680,F,GENERAL PRACTICE,1 UNION STREET,LAWRENCE,MA,018401815,42.706184,-71.153288,11,0
824727d6-8557-38da-93fb-04de834a44cf,18061fd5-fda8-3e2d-87f0-0f3c87211bcc,Margarite168 Koepp521,F,GENERAL PRACTICE,1493 CAMBRIDGE ST,SOMERVILLE,MA,021431408,42.3875968,-71.0994968,46,0
a05795d0-d735-3403-8893-309f1ac4709d,76281d34-caff-30e0-8545-bcdf33182109,Jane262 Schmeler639,F,GENERAL PRACTICE,500 WILBUR AVENUE,SOMERSET,MA,027252051,41.72075205,-71.16843052114558,32,0
d63172d7-5b39-3731-bd18-534b8941c515,4633340c-c833-30a3-ab0e-f5cfa5fda28b,Kimberly627 Trantow673,F,GENERAL PRACTICE,250 GREEN ST,GARDNER,MA,014401377,42.586896550000006,-71.98672640006858,48,0
3bc268bb-2e9a-3ce8-b846-80a708576b6c,b3ada130-6443-3a8e-98c7-4ec127a2b0c4,Ned189 Haley279,M,GENERAL PRACTICE,ONE GREAT ROAD,ACTON,MA,017205601,42.4850931,-71.43284,41,0
0ef376b9-4a29-318f-8068-380a4aca6863,a36dcb53-a762-38d4-ae84-40f46195a6dd,Basil991 Reilly981,M,GENERAL PRACTICE,260 EASTHAMPTON ROAD,HOLYOKE,MA,010401213,42.226424,-72.646798,1,0
b9819599-187b-3c67-91c7-613a8a9b1b70,084b19be-a78e-3626-b156-a50134fa7fe2,James276 Smitham825,M,GENERAL PRACTICE,10 RESEARCH PL STE 202,NORTH CHELMSFORD,MA,018632439,42.6389798,-71.3828403,29,0
4ca037d9-9404-33e9-8c0b-1c8370365d66,acffdfa8-1383-3929-8c99-e73969491439,Iva908 O'Keefe54,F,GENERAL PRACTICE,1153 CENTRE ST,BOSTON,MA,021303446,42.3017598,-71.12855793387442,198,0
6facebd1-fa47-3a46-ae9b-4a1426e575b3,1e11392b-1278-3e70-93cd-f396cbd0c265,Gerry91 Block661,F,GENERAL PRACTICE,115 LINCOLN ST,NATICK,MA,017607700,42.2843753,-71.3441395,188,0
5477f9e2-dddf-3777-bece-d7a4df6ceaf4,fe30f2b4-9bc8-346e-afba-4455d1766545,Wilson960 Turner526,M,GENERAL PRACTICE,17 LAFAYETTE AVENUE,CHELSEA,MA,021502010,42.40019115,-71.03050082480353,55,0
09b6c09d-de52-33a3-a966-73ff86f6e75d,6cf8a214-8d57-3267-85e5-7719e15cd63e,Michel472 Zulauf375,M,GENERAL PRACTICE,170 MORTON STREET,JAMAICA PLAIN,MA,021303735,42.299067750000006,-71.10124351911541,4,0
9626a7f1-3279-3b01-88f9-95089d655a99,13161e5b-02d2-3d19-8b48-26ef0becfc83,Erasmo545 Crooks415,M,GENERAL PRACTICE,165 CAPTAIN'S ROW,CHELSEA,MA,021504019,42.3917638,-71.0328284,1,0
83ecaba3-778b-31c4-9e31-09cb08b66371,0fedae9f-701f-3317-9b2f-69aea2202cdc,Willian804 Batz141,M,GENERAL PRACTICE,88 EAST NEWTON STREET,WINTHROP,MA,021522715,42.3750976,-70.982827,2671,0
217d196a-f3f5-3e12-8450-ab5188fcf906,733fc7d0-7cf3-3995-82ef-a9883b807273,Daryl568 Yundt842,M,GENERAL PRACTICE,175 FRANKLIN STREET,NORTH ADAMS,MA,012472712,42.70707,-73.10094536747326,6,0
0db4c3c0-19f3-33cc-affa-0109754363e5,543d004c-b8b7-3000-8e7f-6fc90aa90596,Don899 Kulas532,M,GENERAL PRACTICE,451 ANDOVER ST,NORTH ANDOVER,MA,018455079,42.6734518,-71.1268776,9,0
ac8ba01e-75bb-3067-a173-dbc37f89c451,86bbc3aa-e927-3d56-9d77-ab701b4b2926,Tynisha348 Howe413,F,GENERAL PRACTICE,538 ROBESON STREET,FALL RIVER,MA,027205496,41.707225,-71.1432141111111,10,0
be84de80-a97d-3088-9cad-177894eed26c,aade280a-3b90-3e48-9648-91109a964a63,Johna806 Klein929,F,GENERAL PRACTICE,909 SUMNER ST,DARTMOUTH,MA,027473826,41.6332267,-70.9879928,1703,0
4386f8c1-c3e9-3608-96a1-223a5221d49a,981338c4-287c-3621-bc45-8b0b9f1b8922,Denis399 Kohler843,M,GENERAL PRACTICE,640 BOLTON ST,MARLBOROUGH,MA,017523999,42.3658183,-71.55914630258509,32,0
41852a46-7d86-3104-903d-01b27af488cb,96e9e829-0b71-3ad3-8b41-60e25b5d47d7,Doyle959 Crooks415,M,GENERAL PRACTICE,111 ORIENT AVE,EAST BOSTON,MA,021281006,42.39055278090538,-71.00587148689957,4,0
ad11b32e-ec29-3bf6-ae75-8e0cc6b34657,e59fb2d5-508c-38c6-af2e-21d8216dd2b0,Nicholle822 Fisher429,F,GENERAL PRACTICE,759 CHESTNUT ST,WARE,MA,010821625,42.256476,-72.237482,230,0
6b0d9ed3-6c9b-3419-afc5-d228600b04ac,7a3b8310-02eb-3c47-aa1b-3f55b3ed9de9,Lauretta754 Dare640,F,GENERAL PRACTICE,6 HATFIELD ST,NORTHAMPTON,MA,010602545,42.333172950000005,-72.6566355591273,6,0
6a93ff3b-cff4-3f9e-9249-c1a7df0c6189,ecadbc11-930c-3903-b706-f8ef4bc9089e,Erwin847 Baumbach677,M,GENERAL PRACTICE,780 CHESTNUT ST,SPRINGFIELD,MA,011031109,42.1211633,-72.60614164702717,42,0
d05824d9-8f9f-3805-bdc9-52a9d88dd6fb,ad007cc5-a3df-3aa7-886d-5123ab59d189,Antoine384 Maggio310,M,GENERAL PRACTICE,85 N WASHINGTON ST,NORTH ATTLEBORO,MA,027601634,41.98443775,-71.33190349847027,1,0
250370b1-86ac-3113-911d-7d620ba6bbd0,f480acd0-7ef1-350d-aae6-d8e7d53ace57,Danelle47 Ondricka197,F,GENERAL PRACTICE,1193 SEA ST,QUINCY,MA,021693544,42.26883395,-70.95264075087945,138,0
16470103-7732-3201-948c-e2e033b4fc3a,794b1cc2-97be-30a4-83a0-4bf6add43c74,Lillia547 Gutmann970,F,GENERAL PRACTICE,215 THATCHER STREET,BROCKTON,MA,023023949,42.0740963,-70.99660306096918,27,0
2747f034-1230-32a4-95d0-da9395408d23,a1434ca1-a1ac-3884-abc7-fc4c35cc8b68,Estela596 Valladares149,F,GENERAL PRACTICE,390 ORLEANS ROAD,NORTH CHATHAM,MA,026501154,41.700306363636365,-69.96549390909091,1,0
e0b35d37-b02f-32e0-9ac6-6dd4c0647c3d,0fab3c4e-a028-39a6-b15a-be5a88b6aa2a,Miyoko154 Paucek755,F,GENERAL PRACTICE,222 STATE STREET,LUDLOW,MA,010563437,42.15547415,-72.47222226666076,330,0
393a5866-8ca2-3f43-8060-a8784b75fd5e,b0016371-afcb-37a6-8f90-5e3786e7806f,Claudio955 Toy286,M,GENERAL PRACTICE,629 SALISBURY ST,WORCESTER,MA,016091120,42.2932691,-71.8390048,1,0
6627b813-1c00-3d2b-ae1a-b9a9dbb197b3,3b021cb6-4745-3d9d-8436-230055f770bd,Eleni953 Franecki195,F,GENERAL PRACTICE,148 CHESTNUT ST,NEEDHAM,MA,024943238,42.27728075,-71.23665362814043,124,0
8c1a56f6-877e-3955-be55-d750d4e55dfd,ab074997-79db-3114-b6ac-5c21cda8ee3a,Todd315 Abernathy524,M,GENERAL PRACTICE,111 HEADWATERS DR,HARWICH,MA,026451028,41.705945549999996,-70.08904355,3,0
96ed9e0e-df97-351b-a3b7-dc326c12de5d,ce53c877-0290-390a-b4b4-2462001a1713,Anabel269 Hilll811,F,GENERAL PRACTICE,847 ROGERS STREET  SUITE 201,LOWELL,MA,018524345,42.6275246,-71.27673639687623,8,0
48ebe472-5b8d-39f3-a5fd-e43992214eda,36705572-6b8a-337d-9d01-be1087ce4650,Lindy582 Corwin846,F,GENERAL PRACTICE,233 WINTHROP ST,TAUNTON,MA,027804428,41.89112605,-71.11254102062864,43,0
34070147-ff07-3cec-b015-5346579d5c0c,34f0b10a-5e29-31de-a75e-e0bb03c0c0d4,Dierdre747 Leuschke194,F,GENERAL PRACTICE,56 COLPITTS RD,WESTON,MA,024931568,42.36610065,-71.3036759,68,0
107e5676-0924-337d-98e3-4d152088318c,57e4e5fa-d68d-3caa-a5ad-37beb1b51207,Latrina689 White193,F,GENERAL PRACTICE,800 WASHINGTON ST,NORWOOD,MA,020623487,42.1886973,-71.2005241,130,0
b0e73b99-0fe1-3867-9501-470555655d2d,b20a0fe1-53b3-33fc-8acb-bc9a2df64e57,Michaele314 Schoen8,F,GENERAL PRACTICE,3 PATTERSON ROAD  SUITE 3,SHIRLEY,MA,014642907,42.552462649999995,-71.62383665745185,3,0
4d51f26c-3afb-3081-8996-d33db42ddcfe,00ffb204-07b4-3c72-a678-fa252e6cf86c,Kathlene786 Satterfield305,F,GENERAL PRACTICE,450 BEDFORD ST,LEXINGTON,MA,02420,42.47370735,-71.25090005,80,0
ab9eb8f0-cf65-353a-81d0-5304ac96a5aa,ad82d624-72eb-3c7d-a76d-79f2668d1390,Mathew182 Howe413,M,GENERAL PRACTICE,3 WOODLAND RD,STONEHAM,MA,021801711,42.452443099999996,-71.08939988105112,110,0
d68f801b-ac0f-3d3d-80fb-93c57ac35539,b8421363-9807-3b16-a146-95336eea5cfb,Saundra460 Kuphal363,F,GENERAL PRACTICE,30 LOCUST ST,NORTHAMPTON,MA,010602052,42.33032115,-72.65330802608176,129,0
74e59d09-63c4-3fd6-857e-f9581cc14bec,8424b5ec-ba0a-32e9-94ae-a9d397884093,Ileen763 Casper496,F,GENERAL PRACTICE,49 BLANCHARD STREET  SUITE 101,LAWRENCE,MA,018431456,42.69651155,-71.1612176954981,18,0
2a2f4f3d-1bec-34d7-ac54-08303acfd4d4,3498e7d3-90fd-366b-bc6a-6f41dad6bae6,Olympia319 Bradtke547,F,GENERAL PRACTICE,112 WEST MAIN STREET,NORTHBOROUGH,MA,015321824,42.318559050000005,-71.65097281611972,14,0
5ee7528c-1048-3a05-8a9f-13c50db224ad,37111f41-8bc5-35d3-9cd9-5b447a11ffd1,Ilene33 Greenholt190,F,GENERAL PRACTICE,TEN INGALLS COURT,METHUEN,MA,018443712,42.7262016,-71.1908924,3,0
617425cc-54db-3b35-a781-605100d2bb02,7567027f-af4e-3cd6-b1bf-e764ca3a5866,Rusty501 Rodriguez71,M,GENERAL PRACTICE,215 BICENTENNIAL HWY,SPRINGFIELD,MA,011181962,42.095480800000004,-72.50509214731676,1,0
966dc21f-7ec9-3316-a0b0-dae0c0570283,68ea50ba-275f-3f6c-ad1f-0aefae7144eb,Alan320 West559,M,GENERAL PRACTICE,25 ARMORY ST,WEST NEWTON,MA,024652110,42.3504314,-71.21988040449209,1,0
60799753-02af-3065-b5d6-96661dfcb90a,24460683-f514-37ef-98c1-724b2fc9aa2a,Simonne139 Wilderman619,F,GENERAL PRACTICE,60 HODGES AVE,TAUNTON,MA,027803034,41.91158935,-71.10129620180315,128,0
7f649ce8-9169-3e11-87bd-f79c442d7d37,3076e02a-deac-3e81-96a9-1d32cbda6fca,Cecil300 Kilback373,M,GENERAL PRACTICE,59 EASTWOOD CIRCLE,GARDNER,MA,014403901,42.567006649999996,-71.97817904424542,19,0
e907e937-55bc-37a4-be7d-036e0a4b1867,fbd4ccdf-2fdb-3652-9bbe-1ccff886bd34,Tana168 Collins926,F,GENERAL PRACTICE,320 CENTRAL STREET  UNIT A2,SAUGUS,MA,019062372,42.4632069,-71.0093761,1,0
0f523aca-2a49-3738-af7d-d94bd17f18c9,b8e724d5-b999-3029-8a2d-ad30fbd0b9ce,Mateo562 Menéndez746,M,GENERAL PRACTICE,63 MAIN ST,BROCKTON,MA,023014042,42.084598840000005,-71.01995972,40,0
1d3c5a35-8b1f-3f3a-afa4-446f78c3b003,901c2d40-1ca3-3879-9a20-c663b8adc0a9,Chanelle850 Schuster709,F,GENERAL PRACTICE,800 WASHINGTON STREET,STONEHAM,MA,021802445,42.4863168,-71.0928919,38,0
c65e4e70-8f2e-363f-99d8-4fd9097f2808,e6cc6043-299a-3581-8f6b-b3b5d62c46ae,Ellen406 Farrell962,F,GENERAL PRACTICE,532 SUMNER AVE,SPRINGFIELD,MA,011082458,42.08631583333334,-72.55792579166666,91,0
42bd4ab6-29e1-34f0-a2dd-7524477d07f2,b9e35b8a-9831-32d8-a6dc-d7a546c126b0,Venus149 Blick895,F,GENERAL PRACTICE,111 HUNTOON MEMORIAL HIGHWAY  1ST FLOOR,SPRINGFIELD,MA,011092550,42.1018764,-72.5886727,280,0
82f173a0-4d33-3e05-8d26-ec15c2a5fd35,70d5bbef-3c05-3318-b9d7-003dc8fbb8cf,Wilfredo622 Little434,M,GENERAL PRACTICE,33 SUMMER ST,TAUNTON,MA,027803479,41.9005416,-71.08895606814966,1,0
623bce0f-730c-3926-94cf-49e63c6fd173,18df2721-3f76-3f83-94d5-63597cedd298,Gail741 Romaguera67,M,GENERAL PRACTICE,909 SUMNER ST,STOUGHTON,MA,020723396,42.1005097,-71.0830269025407,79,0
9e8fe356-4467-3a30-8dac-6c7cfa918c43,38508743-50d1-3429-8fe2-37e42ddaf20e,Marth98 Mayer370,F,GENERAL PRACTICE,164 HIGH ST,GREENFIELD,MA,013012778,42.595268700000005,-72.59288632376354,53,0
7e4f6a56-5acc-3c69-8bdd-e9457c26d3ff,2f735290-1603-31b5-b561-7c8e0d413170,Jolynn62 Adams676,F,GENERAL PRACTICE,100 FOXBOROUGH BLVD STE 230,FOXBOROUGH,MA,020352878,42.041851949999995,-71.23486657070565,43,0
13fec07b-92d0-3d8a-9754-ff8d545e6871,6b2e5b97-70f6-3219-8c99-86de138e6808,Forest317 Rutherford999,M,GENERAL PRACTICE,123 SUMMER ST,WORCESTER,MA,01608,42.26496835,-71.79655403681465,39,0
c35b2ca9-e64e-396c-a03c-ac0504d1b6d1,27bf2e46-7445-35e7-9106-3ce1b074db47,Kathryn101 Donnelly343,F,GENERAL PRACTICE,80 BOSTON RD,NORTH BILLERICA,MA,018621034,42.5871093,-71.2948553,1,0
3b3f9bfb-45fd-3e6a-8b02-f74f14cf7469,e1818b21-4458-3b9c-b2b8-7ed6f57ae078,Tamisha203 Wilderman619,F,GENERAL PRACTICE,2399 BOSTON ROAD,WILBRAHAM,MA,010951185,42.14668485,-72.45048427046072,14,0
7c25005d-3441-3da9-ad2a-ef82561c64fb,328f813e-4de8-3ec2-a113-43f3ddfb0b2a,Victoria535 Roob72,F,GENERAL PRACTICE,30-40 WESTPARK STREET,BROCKTON,MA,023015241,42.0834335,-71.0183787,76,0
74aabe55-3e45-31fb-ac29-a8c65ef4a861,8d110f42-6f75-3751-b0c5-b45ab08333a1,Shonna561 Feest103,F,GENERAL PRACTICE,88 WASHINGTON ST,TAUNTON,MA,027802465,41.9062805,-71.09518121351795,101,0
a4b44d6e-2529-3c94-bf1a-d185eb998a66,dd3307db-114c-3f11-be44-a9eef6bb3fc5,Daniel959 Casárez469,M,GENERAL PRACTICE,269 UNION STREET,LYNN,MA,019011201,42.4652772,-70.94362420273097,28,0
361ede1e-fec6-3c34-b100-a11f3f981cde,1d87bbfa-19aa-3128-adca-420ff8d5a12a,Junior695 Pacocha935,M,GENERAL PRACTICE,771 CHURCH ST,NORTH ADAMS,MA,012474109,42.680927100000005,-73.09950699822534,31,0
a5ecf863-2bc5-3426-9d89-0bddf87b9b66,f2068cee-c75c-321d-9b2c-c33535db89c9,Octavio643 Prosacco716,M,GENERAL PRACTICE,32 BOSSI AVE,RANDOLPH,MA,023682002,42.20017865,-71.0582074,64,0
f53f98e0-3dfb-34f1-bb19-c486f8bf3898,15d4c950-4691-3996-b4c4-bf06bfb58ff7,Alvin56 Crona259,M,GENERAL PRACTICE,70 EAST ST,METHUEN,MA,018445883,42.7285558,-71.16833738237946,63,0
cde96e23-fa2f-3a46-ae96-a5f4b55429b6,5018c664-e283-30eb-932a-529d9a19b3b5,Rochell365 Stehr398,F,GENERAL PRACTICE,300 SOUTH ST,WOBURN,MA,018014979,42.473347,-71.144086,156,0
9549b7f5-ee1e-3de2-9f12-8b3f9e1ec5ff,2e8b42f8-4300-30a9-a576-d513d1021a0a,Chris95 Haag279,M,GENERAL PRACTICE,600 CLARK RD,TEWKSBURY,MA,018761699,42.63120935,-71.27023603178071,81,0
11605740-243c-3469-9dd5-c548246ed658,5ba77f2c-8ce5-3dde-bb46-3ffcceb3bfbf,Cedric746 Quitzon246,M,GENERAL PRACTICE,188 FLORENCE ST,CHESTNUT HILL,MA,024672641,42.31835025,-71.17401686317635,3,0
5f6d7c58-fa71-3d20-9db6-60c11aee0dda,d140ed3f-2696-3e78-bd77-1c959ec4fc4d,Orpha286 Marks830,F,GENERAL PRACTICE,863 HATHAWAY ROAD,NEW BEDFORD,MA,027401916,41.6512968,-70.9669902070805,72,0
c5c8227c-2964-31d6-a58b-0d55f6b8b071,1cff30ba-b91f-3ea2-b80b-770d67856358,Duncan491 Halvorson124,M,GENERAL PRACTICE,359 JONES RD,FALMOUTH,MA,025403341,41.5591273,-70.60352436630029,27,0
f8b9c35f-7af7-3a55-bb8a-1d1fa0d4ac81,d4e48a16-0a60-3e90-81e5-c35b22ffe6af,Elmer371 Kutch271,F,GENERAL PRACTICE,856 STATE RD,NORTH ADAMS,MA,012473027,42.69967208677275,-73.16330754755236,6,0
fb15f57b-d36c-34df-be28-8667f0bdcfee,b53dc1b7-43b0-3c43-a73f-304165633a59,Junior695 Leffler128,M,GENERAL PRACTICE,63 MAIN ST,HYANNIS,MA,026013202,41.6562005,-70.27336188244256,34,0
160330c3-6166-3a60-b9d1-46017a3c4ea9,4ff8b164-4cf5-3ab4-b0f2-7ce8fda920e5,Theo630 Mante251,M,GENERAL PRACTICE,800 WASHINGTON ST,WORCESTER,MA,016550002,42.180483,-71.867782,24,0
793b44c4-645a-346c-8c8c-488c108e0549,f7171d7c-0d92-33cf-98dc-abd628d79750,Malissa448 Schmidt332,F,GENERAL PRACTICE,431 POND ST,JAMAICA PLAIN,MA,021303402,42.310128500000005,-71.1321602569144,1,0
d1d39da9-2773-3f13-ae61-442a90db1ea0,8f22037a-070f-3fcf-8f39-fa879f0ae107,Ina660 Hermann103,F,GENERAL PRACTICE,567 DARTMOUTH ST,S DARTMOUTH,MA,027481826,41.61112,-70.93937914285715,8,0
48986969-13a1-37ef-8e6d-bd3ce8e540e6,bccd7d67-203c-3d93-b6b0-bff5a146cd1d,Paulene52 Kihn564,F,GENERAL PRACTICE,286 WASHINGTON ST,STOUGHTON,MA,020721763,42.1384306,-71.1022598,135,0
de984913-c771-30a7-b6ba-88d02faf3e77,63cb4d95-04a9-3a35-b5d9-f89e0377a48d,Thanh759 Weber641,M,GENERAL PRACTICE,211 PARK ST,ATTLEBORO,MA,027033143,41.9419187,-71.2752081695297,455,0
5b6130ef-e3f6-3846-a09f-18deec64fef6,6e290541-eba3-37fc-a3e2-e58f77e84c7e,Christeen33 Toy286,F,GENERAL PRACTICE,15 LENOX ST.,SPRINGFIELD,MA,011083122,42.085779,-72.55846414285715,64,0
c9425862-b184-3970-a3e8-6151901bea68,a2a41caf-758f-3962-8e5f-e6e603f93d17,Noelle559 Padberg411,F,GENERAL PRACTICE,111 HUNTOON MEMORIAL HWY,ROCHDALE,MA,015421305,42.2020225,-71.89891616754682,19,0
1704ae81-8f85-3c6e-950e-5ce63c082989,0d24cc89-3256-330c-b36d-d8de8babef84,Will178 Bernhard322,M,GENERAL PRACTICE,1030 FALMOUTH RD,SOUTH YARMOUTH,MA,026641218,41.6667779,-70.1847414,45,0
759f1042-7629-3125-be2b-58edc9d795f0,db28cc9a-fdfb-35a6-aef7-ab9b933ef244,Clement78 Gleason633,M,GENERAL PRACTICE,8 DANA STREET,CAMBRIDGE,MA,021385402,42.3694992,-71.11011030010101,18,0
a4fabc1c-8414-37b4-a1ae-de3922263864,19a65317-5d32-355e-8f82-88933d48366d,Carl856 King743,F,GENERAL PRACTICE,5 PRECINCT ST,LAKEVILLE,MA,023471468,41.8455651,-70.95195924208448,29,0
1f423ecb-622a-3f11-b5a7-932e0006dd51,844a8cb2-4164-35b2-88b8-dffa2889a738,Alonzo487 Conn188,M,GENERAL PRACTICE,150 UNIVERSITY DRIVE,AMHERST,MA,010022232,42.368937,-72.53247107203978,5,0
8df25d0c-716c-35e4-9ba1-06fb60c8ae7c,bfb9ab7d-7b8a-36c9-ac27-d210a6f6f412,Bessie423 Bechtelar572,F,GENERAL PRACTICE,8 LEWIS POINT ROAD,BUZZARDS BAY,MA,025325613,41.745383,-70.618087,1,0
ec3ec079-4495-3f99-89f5-2a8bd5bd361b,a6fb79e7-4abb-3a68-b62d-e501427fdca4,Ricky354 Renner328,M,GENERAL PRACTICE,489 WASHINGTON ST STE 202,AUBURN,MA,015015709,42.187836,-71.83104,41,0
ff14be73-5153-31e3-a9d1-2b1f83287647,52e42aa3-27fb-3298-a3ae-25529dfe6347,Ambrose149 Mills423,M,GENERAL PRACTICE,85 BEAUMONT DR,NORTHBRIDGE,MA,015341093,42.15719035,-71.6521339767302,1,0
8dbf6639-c9fb-3cab-b4c6-47c3ee19f539,b92c875d-5390-3cc7-9cc5-67ade724daf3,Mateo562 Lebrón484,M,GENERAL PRACTICE,65 COOPER ST,AGAWAM,MA,010010325,42.07895845,-72.62045515660407,1,0
f1ac3946-7d7b-3de4-9e8c-cb5d4b7f420a,fcad54de-c1cb-3039-8e22-1d2d28134044,Cleveland582 Lesch175,M,GENERAL PRACTICE,70 EAST ST,METHUEN,MA,018444597,42.7285558,-71.16833738237946,8,0
26ed5b52-ede0-3e52-8ecc-b3407e02b079,9d0e702d-50a0-3f4c-9126-0951d560fd4b,Hellen346 Roberts511,F,GENERAL PRACTICE,189 MAY ST,WORCESTER,MA,016024339,42.25986305,-71.83597786023279,498,0
87e9f7d5-8440-3500-9420-9267841cb9d7,f0e3e152-0b08-3819-b962-b043f63f6dc1,Manuela585 Rippin620,F,GENERAL PRACTICE,1010 VARNUM AVENUE,LOWELL,MA,018541915,42.6422606,-71.36626685573418,20,0
a55d01f7-f59d-394b-a012-eca4a38ba50e,c656d426-a307-372e-85f4-add29b4f178b,Quincy153 Larkin917,M,GENERAL PRACTICE,174 ARMISTICE BLVD STE A,FALL RIVER,MA,027212367,41.7010642,-71.1546367,62,0
d3a5a73b-b315-3ffd-a683-031f258c7aeb,81b1ef2b-8d3c-3923-859d-ae56099e037a,Maryrose226 Bradtke547,F,GENERAL PRACTICE,19 VARNUM STREET,LOWELL,MA,018502132,42.6520846,-71.29979019978185,2,0
9f4e3efc-2955-3ce2-92f5-e94cc82e304c,2fa36ef4-0a5b-358e-b76f-f4ada6c48e8b,Donn979 Lindgren255,M,GENERAL PRACTICE,90 ROUTE 6A,SANDWICH,MA,025635301,41.76404705,-70.50066669296109,91,0
aaaf13fe-56b0-338f-b5f3-3a38ff4d2db6,ea8d287f-b3a9-3800-8798-788e334ee406,Palmer257 Kuphal363,M,GENERAL PRACTICE,81 HIGHLAND AVE,SWAMPSCOTT,MA,019072928,42.4699241,-70.9171507,203,0
ab4470f7-d103-375a-acaf-bb10fef3ae45,d9fe2c9c-135e-3da3-8de8-1a0ff165d886,Bettina657 Marquardt819,F,GENERAL PRACTICE,1430 MAIN ST,WORCESTER,MA,016091121,42.2492003,-71.92931780325071,29,0
662e6f58-ff72-34b4-9c82-32fcfb8f892f,8bf5325a-c11b-35c4-b07d-17a5aeba8353,Rueben647 Okuneva707,M,GENERAL PRACTICE,815 WORCESTER STREET,SPRINGFIELD,MA,011511001,42.1018764,-72.5886727,63,0
8ad1f8fb-4f9d-3399-8622-f0580a3a40d5,46375470-1e20-3ddc-8dc5-010ba53826b6,Jude172 Reynolds644,M,GENERAL PRACTICE,40 WRIGHT ST,PALMER,MA,010691138,42.16934095,-72.34120457065711,139,0
0d113988-8cb2-3399-9002-8c3febe2907a,9d2a1656-0f4d-30d1-bc63-eb365a05529c,Maynard46 Ward668,M,GENERAL PRACTICE,235 N PEARL ST,BROCKTON,MA,023011794,42.09805395,-71.0609587194362,18,0
996b1238-6b01-3eac-9d12-dbc154afa20d,aba3e6f6-4562-342e-b90f-dd61b117f394,Maryjane289 White193,F,GENERAL PRACTICE,438 CHESTNUT STREET,SPRINGFIELD,MA,011072008,42.11291091861002,-72.59692685125127,2,0
1244e18f-a517-3097-92e7-af17875f5df2,a4b91172-69e7-3895-bd89-b9a0868de5c2,Salvador46 Wolff180,M,GENERAL PRACTICE,651 ORCHARD ST,NEW BEDFORD,MA,027441052,41.6149879,-70.93113851963673,454,0
1a56580b-f50b-36bc-bdbb-2923f0177679,47fb5a56-bee5-3ecd-9958-706b20831c82,Karey608 Torp761,F,GENERAL PRACTICE,600 CUMMINGS CENTER  SUITE 270X,WOBURN,MA,018016356,42.4792618,-71.1522766,8,0
5e3f53b7-b94a-3f53-8c02-b27e55e826db,72f50aa0-d8c9-34dc-ac58-c428323f3bcd,Ricky354 Little434,M,GENERAL PRACTICE,55 FRUIT ST,BOSTON,MA,021142696,42.36286045,-71.06875296664998,85,0
f3b0df7e-197e-3aa8-a8c6-3cfd2c1a658d,eee00932-ca82-36bc-b7e8-e3fff6dbaeaa,Cira533 Hane680,F,GENERAL PRACTICE,450 BROOKLINE AVE,WEYMOUTH,MA,021893141,42.2212188,-70.9391625,1635,0
23b4b3ed-efad-3e1f-ad14-8830d438bece,50c7f768-9138-3dae-a67d-953bdf9ad754,Evelia928 Bogisich202,F,GENERAL PRACTICE,125 COUNTY STREET,TAUNTON,MA,027803561,41.8960599,-71.07799243944345,15,0
e65bc6ca-3872-3d21-85fb-4ad3b3eed012,be509ccb-bfb7-3b87-8945-8426b689ef9d,José3 Amaya149,M,GENERAL PRACTICE,2049 DORCHESTER AVENUE,BOSTON,MA,021244742,42.3554334,-71.060511,13,0
52519e5f-2eec-3e61-99f9-e1dac2afa1e1,c0719377-d40a-3e9c-9f7c-af47c93b3f40,Rodrigo242 Campos61,M,GENERAL PRACTICE,80 SUMMER ST STE 1,BOSTON,MA,021101218,42.35403315,-71.05809515865283,15,0
2865a9a8-5268-3f56-bad0-1b0788c2ac81,a06b1a97-d6ce-3ea1-ba4a-2ef85a8114ab,Kyle55 Goyette777,M,GENERAL PRACTICE,400 GROTON ROAD,AYER,MA,014321171,42.57821195,-71.5733060441645,4,0
7ae412b4-bfd6-380e-8b7f-0e06500c183d,1214636f-3c27-3011-a715-3191a36a2a85,Darell496 Ebert178,M,GENERAL PRACTICE,28 ESSEX ST,LYNN,MA,019021754,42.47493315,-70.9274241816419,2,0
4bf350a7-067d-3721-ab70-3b43d919b734,6c7fe370-02c4-3537-8f5e-373b2168b933,Shon148 Swift555,M,GENERAL PRACTICE,60 HOSPITAL ROAD,LEOMINSTER,MA,014533791,42.54031915,-71.76312990486304,1,0
c84a3a94-8d3a-31e0-91f9-0d8f1687205e,f8918a95-31e8-3ac4-8d12-29ca6080ebda,Rudolf736 Vandervort697,M,GENERAL PRACTICE,199 REEDSDALE RD,MILTON,MA,021863926,42.251368299999996,-71.0768393856917,1859,0
1c05bb01-f509-3838-854f-bc2e43d65b56,8d5880eb-1dd8-31ea-b7c5-21709f3bb341,Jared66 Satterfield305,M,GENERAL PRACTICE,50 ROWE ST,MELROSE,MA,021763201,42.4592093,-71.06078096379728,51,0
544dd74e-520a-317e-893a-7faba5081ada,ca9ee1b8-abeb-3b62-a017-8839fbe10847,Anika194 Miller503,F,GENERAL PRACTICE,172 LAWRENCE STREET,LAWRENCE,MA,018413849,42.7138132,-71.1639172,1,0
d9de62e0-215a-3e5e-b780-3816f47a186c,3ff0f58b-7a1f-3334-9449-ff15f68b7d86,Winston220 McCullough561,M,GENERAL PRACTICE,275 SANDWICH ST,PLYMOUTH,MA,023607761,41.94186605,-70.6455366462985,119,0
22e655a0-4a36-3363-9001-2d9baf71c585,70e3ad4f-b9ff-3f3e-9990-2cd7e23a9d1c,Tambra47 Bosco882,F,GENERAL PRACTICE,1238 RIVERDALE ST,WEST SPRINGFIELD,MA,010894675,42.1373438,-72.62624707492338,5,0
23dbbfbd-dbd9-39f3-bf4a-5a73c7892a34,75846b1f-d0ec-3255-9bdd-d09eb0a9dd0d,Vanita165 Bartell116,F,GENERAL PRACTICE,575 BEECH ST,HOLYOKE,MA,010402296,42.20105435,-72.628169560868,66,0
a9c678d6-87c5-3b30-a9e2-b4ec4e9bd90d,dd280187-8662-3732-af81-595d10572911,Clifton91 Lakin515,M,GENERAL PRACTICE,4499 ACUSHNET AVE,NEW BEDFORD,MA,027454707,41.74026055,-70.9450945705336,136,0
71980cf9-0495-36b4-a908-549a19946d7c,a6964d47-8af0-3df2-b99d-d8414eb1cfa3,Adrienne302 Schiller186,F,GENERAL PRACTICE,200 MAY ST,SOUTH ATTLEBORO,MA,027035520,41.924394750000005,-71.36076410900014,383,0
dd8dc68b-7b9a-3948-83e9-8247747e942d,004554b4-3068-3938-832d-fa7cbe1cd1fb,Luba688 Littel644,F,GENERAL PRACTICE,25 STONEHAVEN DRIVE,WEYMOUTH,MA,021903951,42.1589443,-70.94970431672323,11,0
7e2331f2-37ac-3809-aba0-48a09407902d,dae3ee01-f383-366e-9ad6-dc92963064ea,Orville751 Will178,M,GENERAL PRACTICE,1233 MAIN ST,HOLYOKE,MA,010405381,42.16578055,-72.63389634691956,24,0
a91d2a61-fa3c-3873-9042-6f38bed55e0f,744bdf85-6223-367c-b1ab-e8c8e0a5eb28,Stella203 Hammes673,F,GENERAL PRACTICE,2 REEDSDALE RD,MILTON,MA,021863800,42.258080449999994,-71.08070895097364,58,0
ef15947a-af4d-3b99-89d0-d7c06e7182b1,b7b02632-03e1-330a-aa40-fdee22899633,Rob341 Cormier289,M,GENERAL PRACTICE,840 HARRISON AVE,ROXBURY,MA,021203432,42.3279605,-71.0830607,64,0
dc67fcea-b831-3362-af72-1cb410e75db8,679a8e99-0f35-3eec-94ed-d8341e9fe33c,Maricruz991 Hahn503,F,GENERAL PRACTICE,140 WEBB STREET,WEYMOUTH,MA,021882736,42.22281125,-70.96226691624932,30,0
5e0a2265-1ec2-3ced-ade8-5d0aae7a1707,63b4f233-fb49-3b1e-a17c-2d572367b131,Jerry654 Baumbach677,M,GENERAL PRACTICE,2222 CENTRE STREET,WEST ROXBURY,MA,021324034,42.27370345,-71.15856364656862,8,0
20a0b77c-bd5d-3078-80c5-4ece8d5041c3,f82ff162-c689-3682-876c-220cf96eb97b,Billy698 Schoen8,M,GENERAL PRACTICE,74 MAIN ST,FRAMINGHAM,MA,017022952,42.2976266,-71.42605348361442,51,0
067aedf5-8b10-30d8-8788-dd2604ba6666,9d989fcf-4ad9-3972-ada3-f275d967781e,Dominic463 Miller503,M,GENERAL PRACTICE,100 TER HEUN DR,SANDWICH,MA,025632377,41.7579043,-70.4968152,291,0
73001417-b009-3847-86c3-f85123adc29b,87472bc2-7c23-37cc-8355-7f3e88614b6b,Dean966 Kris249,M,GENERAL PRACTICE,305 MAPLE STREET,EAST LONGMEADOW,MA,010282765,42.059258494749486,-72.53388585052694,23,0
5cf61ba2-9c87-349f-afea-7e8d29260785,b69bccdc-5ad3-3ded-a018-3cd8f369c9d2,Marleen824 Ziemann98,F,GENERAL PRACTICE,120 S MAIN STREET,CENTERVILLE,MA,026323246,41.649898300000004,-70.34309844876677,12,0
c3c3f7d5-bb04-3479-9f9b-71e046f27297,af3871c3-2098-3051-bcb7-8a919e194a16,Sherwood961 O'Conner199,M,GENERAL PRACTICE,97 LIBBEY PKWY,WEYMOUTH,MA,021893110,42.19322885,-70.94589987654936,174,0
e93ee62c-cfc7-3e83-8f6b-0d4ed91727cb,a2cc09de-c1e2-3126-8c09-d49f95225281,Darnell564 Leannon79,M,GENERAL PRACTICE,300 LONGWOOD AVE,WALTHAM,MA,024532741,42.3756401,-71.2358004,312,0
04041434-329f-3bf7-830a-7c1ce9f4ce5d,175787c9-37d1-308a-9d33-a6ff513ee320,Kendra609 Roob72,F,GENERAL PRACTICE,804 PLEASANT ST,BROCKTON,MA,023013055,42.08723215,-71.05285860302956,1,0
12a49edb-8a4f-3bc9-a224-6304df19256f,44cb1162-a345-3477-8723-c202a3c8cdcd,Jamey282 Graham902,M,GENERAL PRACTICE,73 W MAIN ST,HOPKINTON,MA,017481619,42.21799145,-71.54005509979045,28,0
d66f63b0-2853-340c-821b-7570ee501832,ab16be57-62ea-39a5-8f7a-ee1285cf6934,Ciara810 Gibson10,F,GENERAL PRACTICE,115 MILL ST,PETERSHAM,MA,013669503,42.4865962,-72.1893057,33,0
bf38500b-1ae3-3379-87f7-b2cd1d73e43d,f312977e-8f41-3816-84cc-e5b12ba36955,Eldora89 Langosh790,F,GENERAL PRACTICE,1153 CENTRE ST,JAMAICA PLAIN,MA,021303446,42.3017598,-71.12855793387442,76,0
8fa1b5c2-a851-311c-964f-122d417282b0,0519b293-2e92-3eb3-aeef-233da0babc93,Juan88 Friesen796,M,GENERAL PRACTICE,40 PARKHURST ROAD,CHELMSFORD,MA,018241511,42.6198215,-71.36189212971482,2,0
b7a21b7c-3bcd-3ec8-9e63-b02ce0ad044d,5c896155-eb9a-383e-9162-a43ebb7f1cc5,Nannie905 Mayert710,F,GENERAL PRACTICE,400 LINDEN PONDS WAY,HINGHAM,MA,020433784,42.1972249,-70.91712645007524,119,0
950940bc-b426-3ab4-a00b-03f5951443ae,c5403c4f-14d5-3171-9227-a9b8327f3149,Lonnie913 Ferry570,F,GENERAL PRACTICE,52 OLNEY RD,CHICOPEE,MA,010202103,42.1487691,-72.6071119,28,0
58c704bd-e86b-36df-81cf-cc2fbfc34924,a730c5e6-a15f-3e36-8112-8579e507d330,Althea11 Ankunding277,F,GENERAL PRACTICE,28 LORD RD,MARLBOROUGH,MA,017524549,42.34718040987546,-71.57283065352654,56,0
24a3e0f5-73d9-3206-b0d4-29590acdf2b7,4ffc4e4b-9d8d-3c30-ad84-fc9a7209da94,Madelyn308 Carter549,F,GENERAL PRACTICE,4525 ACUSHNET AVENUE,NEW BEDFORD,MA,027454727,41.74080975,-70.94731021257817,3,0
9e572a20-59cb-3099-980e-a61919f32967,bebc1dac-6c42-3225-b0ba-23278cdf2a62,Antonia30 Hackett68,M,GENERAL PRACTICE,464 MAIN STREET,AGAWAM,MA,010011826,42.07695165,-72.62026217030348,8,0
229a85ce-94d3-3409-9f90-6fbdf6c7d9f0,82248deb-13cc-31b2-8764-0233e159a93a,Hank686 Kemmer137,M,GENERAL PRACTICE,19 DEPOT STREET,ADAMS,MA,012201856,42.623644600000006,-73.11852130252683,63,0
2eed4654-b6c7-38eb-bcce-7f01f0583190,ce4d0501-49eb-396a-bc56-545fdfc624b0,Bea654 Daniel959,F,GENERAL PRACTICE,1 HOSPITAL RD,OAK BLUFFS,MA,025571406,41.46063105,-70.57989080295974,174,0
3bb36cd8-f1ab-3dfe-9857-940e516df494,e69e7cbb-8362-30d1-83f2-3a0c492fe2b1,Isaac321 Kub800,M,GENERAL PRACTICE,110 LONG POND RD,PLYMOUTH,MA,023602642,41.9255829,-70.65514326847389,101,0
ea544099-a331-38f6-994d-2ecf4e5533b6,afc661fd-71d9-3fc3-adf2-3fc3b5e8a140,Hyman89 Schmeler639,M,GENERAL PRACTICE,680 CENTRE ST,RAYNHAM,MA,02767,41.9487118,-71.0731008,101,0
6bd84364-1afd-37aa-86dc-73bbfa8db0b2,06cc2462-430f-3322-9c87-7e971125f510,Bryon392 Mann644,M,GENERAL PRACTICE,133 OLD ROAD TO 9 ACRE COR,WESTFORD,MA,018863198,42.5792583,-71.4378411,193,0
b15246a6-c65c-3e03-ab46-dfcce6de6da2,dd456e39-9f82-303b-9c3f-5db0e82a437e,Gerardo48 Conn188,M,GENERAL PRACTICE,26 QUEEN ST,WORCESTER,MA,016102473,42.25930925,-71.81494729825698,52,0
89f712be-ddc9-3841-8574-3e9f2e5c0997,db106514-f254-3402-b6a4-6d210c78c7e2,Kimbra238 Runolfsdottir785,F,GENERAL PRACTICE,211 FRANKLIN STREET,QUINCY,MA,021697833,42.23691085,-71.00237199954586,16,0
f9b2effb-a417-37f8-8d60-7c04eebac10a,ee7fab6f-6438-394f-b1f2-3e452f8f055a,Trey250 Satterfield305,M,GENERAL PRACTICE,75 BRIMBAL AVENUE,BEVERLY,MA,019156009,42.570099299999995,-70.87108224250409,29,0
2f2d6266-bd88-3901-813f-43288c08eedc,79508e39-d0b0-3613-9d54-168f6e1c3a18,Lynwood354 Tromp100,M,GENERAL PRACTICE,200 GROTON ROAD,GROTON,MA,014502056,42.577352149999996,-71.57414587343038,211,0
872eaf7a-969a-3b33-8181-a6e995264211,af570aee-a397-372c-8eba-5c2b18662b0f,Samella245 Runolfsdottir785,F,GENERAL PRACTICE,800 W CUMMINGS PARK STE 2250,WOBURN,MA,018016372,42.4961562,-71.1258904921298,19,0
ce45cc7b-1e54-337f-b6b9-96c08255ea6e,922d1031-d968-39c2-b73c-d5a495c39068,Carlena776 Steuber698,F,GENERAL PRACTICE,350 LINCOLN ST STE 1102,HINGHAM,MA,020432801,42.248735,-70.9209846,177,0
ed98f235-85af-316c-91f6-70286c362249,880fad59-9c38-3a21-a39f-ccc801502ab3,Halina47 Pollich983,F,GENERAL PRACTICE,799 CONCORD AVENUE,CAMBRIDGE,MA,021381048,42.390849395521705,-71.1556550001627,3,0
6f8134be-5409-3f7a-a7de-6bc021e92583,352f2e3b-0708-3eb4-9f7e-e73a685bf379,Gregg522 Willms744,M,GENERAL PRACTICE,157 UNION ST,SOUTHBOROUGH,MA,017721215,42.3056501,-71.5245087,276,0
1d806d27-1991-3f3e-885f-def1088d54f0,a2d45ee8-b930-3169-b612-f602961ad212,Valentine262 Leannon79,M,GENERAL PRACTICE,37 MINUTEMAN WAY,SHREWSBURY,MA,015452229,42.288207,-71.73443816915585,184,0
d29070a9-5efa-3eb1-a1c2-d6c00a2702a3,a767ef82-13a7-356f-8fb8-5e8869426bda,Chauncey770 Willms744,M,GENERAL PRACTICE,3 HARVEST CIR,LINCOLN,MA,017733213,42.44715,-71.319067,1,0
ef8c102b-5811-30ee-baf4-c2954d84eea8,10ffe7b1-2f94-3f12-9288-679da05a1ec9,Odessa199 Hintz995,F,GENERAL PRACTICE,133 LITTLETON RD,WESTFORD,MA,01886,42.57056335,-71.41736646422413,8,0
ef6a4c19-e7b4-3a7d-9185-06879c5da484,a73a3693-57ac-367e-b29e-f0f834cbaf66,Chelsey293 Simonis280,F,GENERAL PRACTICE,10 CORDAGE PARK CIR,PLYMOUTH,MA,023607318,41.9788991,-70.6879608,42,0
bcd588c6-ddf2-33e6-8d88-314ae6e71731,e6d63525-40f0-3391-a58a-e6a03598911f,Javier97 Mota271,M,GENERAL PRACTICE,400 STANLEY ST,FALL RIVER,MA,027206009,41.7148511,-71.13527009152534,118,0
097e37ac-c209-3698-b0f3-416b892a2348,d0894f6b-78d7-338d-82ad-b63de4d40014,Lynsey2 Lemke654,F,GENERAL PRACTICE,330 MOUNT AUBURN STREET,WALTHAM,MA,02452,42.3756401,-71.2358004,10,0
a54b6c72-e7a3-3460-ab61-190d37f00ee5,5aad3f6f-3070-34f5-a25f-d9a9ee78c68c,Giuseppe872 Senger904,M,GENERAL PRACTICE,62 CENTER ST,FAIRHAVEN,MA,027193823,41.63663425,-70.90101829397507,18,0
43c529e1-7290-3758-95e5-b4b4842b15c1,5d1b509e-a048-357f-807e-6b863006e337,Celestina960 Reichert620,F,GENERAL PRACTICE,65 WALNUT ST,WELLESLEY HILLS,MA,024812118,42.3213892,-71.2586343,17,0
c0b3ebe9-bbf1-393d-bbbe-be53d40aed66,3d5fbf38-c781-3e04-8c7e-5a402611b7d4,Enriqueta274 Barton704,F,GENERAL PRACTICE,260 ELM ST,SOMERVILLE,MA,021442951,42.3955992,-71.1227391,110,0
a4eb812d-4938-319e-a975-089168efeaab,f43f97f2-af04-3ed0-a42e-3681718cc9b2,Jacques50 Quigley282,M,GENERAL PRACTICE,725 NORTH ST,PITTSFIELD,MA,012014109,42.4600752,-73.2492795834909,123,0
575b46bb-235e-3c27-9ed2-09d198f7f3b9,e119dcbb-0c33-3ec1-bf97-5f477799e5cb,Karey608 Kerluke267,F,GENERAL PRACTICE,312 MILLBURY AVENUE,MILLBURY,MA,015273622,42.22515325,-71.75735371350069,2,0
18d172ff-a4fb-3fc4-8662-bbf40661966e,03c5769d-b185-35ee-b563-9e651cff95bc,Juana825 Ibarra303,F,GENERAL PRACTICE,807 WILBRAHAM RD,SPRINGFIELD,MA,011092067,42.1108434,-72.5341133,1,0
9ea3fc5a-f017-3883-9d96-e018587ec283,9ed61c49-1d0c-3774-b528-d75b50938fe2,See995 Stoltenberg489,F,GENERAL PRACTICE,110 West Squantum Street,Quincy,MA,02169,42.272617,-71.03133,37,0
a1ee2b1e-8f29-3313-8607-200b602d416a,2f67494e-f17e-3248-ba68-3ca42913cca1,Brock407 Bergstrom287,M,GENERAL PRACTICE,184 MAIN STREET,FAIRHAVEN,MA,027193259,41.646106,-70.90865208079187,39,0
c028370a-2790-3ad1-9709-9e71344511d9,88975fd9-b47e-3af6-af78-c58e1ecf0d5e,Azzie965 Feil794,F,GENERAL PRACTICE,115 W SILVER ST,WESTFIELD,MA,010853628,42.1178811,-72.75935246865802,40,0
da30667e-3715-3fbe-8263-ba680d452cd0,52efa2e5-007f-3396-a83a-28ca015f0595,Walton167 Turner526,M,GENERAL PRACTICE,20 N PARK AVE STE 2200A,PLYMOUTH,MA,023604090,41.960434631488596,-70.67007876763536,14,0
b224676c-edaf-3f00-9bc3-28b8eea22cfe,19439108-9835-38fe-8ee2-1226a355cfba,Anderson154 Kunze215,M,GENERAL PRACTICE,694 WORCESTER RD,WELLESLEY,MA,024822837,42.2964859,-71.2925571,1,0
8442dabc-e810-33ca-bd71-69c5411e95fa,ba5db88e-396b-39a6-9a0a-e9791bc709b7,Lester513 Olson653,M,GENERAL PRACTICE,80 ANDOVER ST,ANDOVER,MA,018105606,42.6390425,-71.15835003183432,2,0
ed2510e1-04ba-391a-93ae-77985b765940,fd938c9f-a355-3ec7-96f8-516240ea1ba2,Kandi717 Beahan375,F,GENERAL PRACTICE,529 MAIN ST STE 126,PLYMOUTH,MA,023604842,41.7664657,-70.7266525,5,0
29992817-7975-3777-bdd9-0c66319bfb93,b5789b71-fc8e-3b7e-9eb2-3fc577943117,Ralph813 Miller503,M,GENERAL PRACTICE,81 RESERVOIR DRIVE,ATHOL,MA,013314901,42.581152349999996,-72.18775715069674,42,0
b4d2a033-d744-3d84-ae31-9b525904a34d,edd58f69-ad5f-346b-b1f9-530ccdc895f6,Shawn523 Padberg411,F,GENERAL PRACTICE,52 CARPENTER ST,ATTLEBORO,MA,027032472,41.9369576,-71.27996091755344,208,0
7002c7f4-cb9b-3ef8-b20c-d17a5aade224,0334ad53-5d57-384e-a411-63b075139c06,Silas208 Stamm704,M,GENERAL PRACTICE,66 CENTRAL STREET,EAST BRIDGEWATER,MA,023331913,42.03160525,-70.9572577506426,3,0
29c87c1b-63f5-3854-8917-915b48b93ed1,069b90f9-309b-35e4-b990-d1dbacb962cc,Thomas756 Strosin214,M,GENERAL PRACTICE,36 LOWER WESTFIELD ROAD,HOLYOKE,MA,010402749,42.16975305,-72.63488031242107,5,0
6aaf573f-fe6a-39ad-85c4-1763d70ae26c,4ba48ef6-19f2-3177-bfaf-096daaebf26a,Gerald181 Wunsch504,M,GENERAL PRACTICE,275 TURNPIKE ST,BRAINTREE,MA,021845328,42.2064195,-71.005067,87,0
96e4026b-783d-3b35-9282-209fba90885f,e5ce3b83-f5e6-308d-aa64-82539fc2d906,Kyong970 Dach178,F,GENERAL PRACTICE,1842 BEACON ST,BROOKLINE,MA,024451922,42.33728028715071,-71.14536064081996,2,0
710e1d3b-8d72-364b-913d-6e8ae6feeb72,f438b8e0-d856-328a-b193-2b014fc4cb97,Tyron580 Reinger292,M,GENERAL PRACTICE,981 VARNUM AVENUE,LOWELL,MA,018541913,42.64591185,-71.36487149058269,4,0
3fd3b463-f2c7-3d4c-a4e7-ec04c4c72f3c,936ceb96-2b12-371f-aa68-ee02a9c06f4c,Bernardo699 Ferrer164,M,GENERAL PRACTICE,225 BOSTON ST,LYNN,MA,019043124,42.470497449999996,-70.96003668151566,187,0
de83b29c-45f9-3f0f-880e-01c7c0e60a9a,dfcd78f1-f67e-321d-84e3-f658c482c474,Elmo857 Wisoky380,M,GENERAL PRACTICE,64 WOODLANDS WAY,BREWSTER,MA,026312550,41.737807,-70.0036669,50,0
0b319228-a461-3f1d-a870-0a57e9ee4594,a855314b-4fb5-37fc-8015-5caa96c928b1,Erica194 Kiehn525,F,GENERAL PRACTICE,759 CHESTNUT ST,SPRINGFIELD,MA,011991001,42.121522049999996,-72.60300615153007,89,0
899edd48-9080-34bd-8c8d-ca8f89b6fcdc,48a6d3ab-50ef-349e-8945-2558a78f378e,Junior695 Kuhlman484,M,GENERAL PRACTICE,795 MIDDLE ST,SWANSEA,MA,027774114,41.730919,-71.208117,216,0
c35b597a-2606-3014-aed1-af6043f67793,0a8a4b11-d0b8-3cd2-92cd-983de5189cfa,Del587 Nicolas769,M,GENERAL PRACTICE,111 BIRCH STREET,LYNN,MA,019021574,42.47859105,-70.93458444045801,17,0
cd392b89-78d8-3f31-9c78-090ca6fe176e,cabc0f0d-dcca-34a2-bc6b-519ed1cc7f74,Elicia233 Huels583,F,GENERAL PRACTICE,191 MERRIMACK ST STE 712,HAVERHILL,MA,018306199,42.7742236,-71.08181133783422,50,0
deb2592e-734f-3bda-80b5-9aa348ef1759,d94fe085-4c7b-36c9-a255-3f700d402d36,Christina143 Goyette777,F,GENERAL PRACTICE,430 N CANAL ST,LAWRENCE,MA,018401246,42.70511426530612,-71.16431740816327,63,0
f2da3df1-100f-3739-b9d2-87148d988989,7b7ce654-a413-37d1-9d34-97240c0ac580,Liberty95 Kihn564,F,GENERAL PRACTICE,1 WRENTHAM ST,BELLINGHAM,MA,020192532,42.025037350000005,-71.48945118224057,6,0
876868c1-fd19-39fb-94c9-39ca7f3da1d7,f1c6e386-ed52-3f97-a2b0-4e21ad2d0966,Frederick289 Bins636,M,GENERAL PRACTICE,54 COURT ST,TAUNTON,MA,027803201,41.9028629,-71.09718927122583,44,0
40236d8d-a920-3b6b-bb7d-ac81b800471a,7b20d1c4-c56b-3647-801c-5e4e13679073,Riley817 Prohaska837,M,GENERAL PRACTICE,275 SANDWICH ST,PLYMOUTH,MA,023602183,41.94186605,-70.6455366462985,280,0
1dbf8219-2609-374e-8b0d-7754a5d0d695,880c8804-deb0-35b0-9132-06950118b8b3,Elijah719 Flatley871,M,GENERAL PRACTICE,150 LINCOLN STREET,NEEDHAM,MA,024922914,42.2743931,-71.23662905222776,7,0
cc1f746a-b80f-365d-b769-4b9ed99308fa,fc22de59-ee81-3c32-98c4-911b8d416110,Teodoro374 Mosciski958,M,GENERAL PRACTICE,27 GEORGE ST,ATTLEBORO,MA,027033105,41.9404181,-71.27282167023935,1,0
6d58da75-552b-381d-b6ff-5b7770df1d55,3e97ce4f-3ad7-3cea-883f-e2bb4ca89d83,Fidel864 Swift555,M,GENERAL PRACTICE,30 NEW CROSSING RD,READING,MA,018673270,42.51809619399502,-71.0959083715027,45,0
241254c0-96b7-3ed8-8778-cf8354667d85,c60fc3df-9dbd-3f31-a456-41c84490266f,Booker670 Johnson679,M,GENERAL PRACTICE,146 MAC ARTHUR BOULEVARD,BOURNE,MA,025323902,41.7412166,-70.5989196,41,0
aef5edac-b74f-3402-b1aa-ac4794c15afa,883da606-d4ee-34ff-96c4-6e6be2e4dc30,Cami698 Wintheiser220,F,GENERAL PRACTICE,45 UNION STREET,NATICK,MA,017606056,42.2814862,-71.33753630597062,1,0
dbede6f6-384d-3e12-a168-7c64f5669cbf,46daa26f-fda5-38a9-9c45-fda430d28fa6,José3 Orellana194,M,GENERAL PRACTICE,25 RAILROAD SQUARE  SUITE 501,HAVERHILL,MA,018325721,42.7736752,-71.08561759491305,5,0
496f1413-018c-3d83-a905-d3863035cf35,c0132cf6-1703-3aad-89b4-cc2f2bbc123e,Lovie151 Schoen8,F,GENERAL PRACTICE,66 NEWTON STREET,WALTHAM,MA,024536058,42.3746705,-71.22789736306842,9,0
28a93959-739d-32a7-b152-601127f1153e,71d9e7fe-5a34-3f11-8edb-f79c482785fe,Phillip440 Kunze215,M,GENERAL PRACTICE,42 CAPE RD,MILFORD,MA,017573292,42.1274477,-71.5195252,35,0
2b765817-3309-3cb1-a83e-29d792a27ec8,4f59f709-8b84-3d27-a04b-c6b7b5544413,Natividad796 Davis923,F,GENERAL PRACTICE,70 BOLTWOOD WALK,AMHERST,MA,010022271,42.3768779,-72.51840280783739,60,0
6ac5daa3-b1b8-3d9d-9a7f-9eaf57e1bff7,c4e5b33c-17b8-3f51-a8ba-a327d54e642a,Kaila152 Dibbert990,F,GENERAL PRACTICE,94 N ELM ST,WESTFIELD,MA,010852917,42.1322823,-72.7436679,38,0
fafec625-9ff0-3a6c-9932-b34c132d1b32,f4e522df-a006-344d-9574-15bc985f5bb4,Sydney660 Klein929,M,GENERAL PRACTICE,130 Marshall Road,Lowell,MA,01852,42.62101,-71.31481,59,0
63319a68-ded2-34c6-b7df-dc3ed9c624ce,79d49935-bcc0-36ca-920b-45365c367438,Sherita708 Hudson301,F,GENERAL PRACTICE,409 W BROADWAY,SOUTH BOSTON,MA,021272245,42.336831,-71.047958,84,0
49d3cd46-a221-3237-83e4-d06c740d943c,0f2c58ec-5323-3c0f-9bdf-af0df7eb2a2b,Owen89 Boehm581,M,GENERAL PRACTICE,130 DORCHESTER STREET,SOUTH BOSTON,MA,021272642,42.3334312,-71.0494949,7,0
ef73b49e-3186-33dc-8972-2f2e959c0da8,666c3e81-2ec6-3bff-9dcc-a704edd86960,Cassi819 McClure239,F,GENERAL PRACTICE,770 CONVERSE STREET,LONGMEADOW,MA,011061719,42.0639853,-72.5521444,2,0
1b763f55-71ea-3022-b826-32421e4018b2,680532c8-2661-3b39-875a-b6ec0746ccf5,Buford910 Dach178,M,GENERAL PRACTICE,30 ATHOL ST,ALLSTON,MA,021341124,42.36075595,-71.13397379082869,108,0
6cdcf830-fdc6-3240-a2c7-745812aad8de,cc400ddc-c38d-3604-8d89-cea21555719f,Fritz267 Kirlin939,M,GENERAL PRACTICE,87 CHESTNUT ST,NATICK,MA,017603644,42.293559188306446,-71.35158050924959,85,0
d77945ff-43e5-3462-87bc-4fb3e8347fd0,51370692-6296-3150-8672-559fc73f964f,Jeromy156 Okuneva707,M,GENERAL PRACTICE,75 FRANCIS ST,WEST BRIDGEWATER,MA,023791542,42.0219112,-71.019004,291,0
48114259-fdd3-3503-97ae-f3673cf26104,10dcd91e-6eda-385b-bafb-d5e1ae92dc34,Susanne275 Abernathy524,F,GENERAL PRACTICE,677 W MAIN ST,HYANNIS,MA,026013493,41.652312699999996,-70.32027525205335,39,0
5961a519-fb60-336c-a2c8-a67bd7d700e8,cdc87240-38e9-36f8-959b-706642e01e11,Chun678 Armstrong51,F,GENERAL PRACTICE,243 CHARLES ST,STONEHAM,MA,021803559,42.4814675,-71.0924311,75,0
0d3bb462-52f3-332e-aee5-9c46bfb72eb1,c6b019eb-28ec-36f6-abf3-bcc4d1d58966,Sherwood961 Aufderhar910,M,GENERAL PRACTICE,33 AVON ST,WAKEFIELD,MA,018802310,42.50403445,-71.07462951514611,39,0
54c47ac1-f3b3-353e-9774-485fa3a04013,31e00f85-6909-3d9f-afc6-5ae507ab0c06,Josephine273 Collier206,F,GENERAL PRACTICE,382 GROVE STREET,BRAINTREE,MA,021847324,42.189369400000004,-70.98451984814267,89,0
b99d4efd-f00f-3eff-b245-da37d0573614,b3312a2d-37e9-35a8-b50d-6c165c437baa,Eliseo499 Reinger292,M,GENERAL PRACTICE,45 DIMOCK ST,ROXBURY,MA,021191029,42.32030665,-71.09721114916246,11,0
d587d12a-4a63-3091-8908-fe32d974fe6c,2836d9ac-c6a6-39d1-8f13-fdf0fc8928f4,Carlton317 Koch169,M,GENERAL PRACTICE,365 EAST ST,TEWKSBURY,MA,018761950,42.6069472,-71.2180803,1250,0
9b412391-7e42-334e-9489-16d4c2b247e1,a2f8d8fe-665e-390f-8b9b-efdc0b14a77c,Pearlene638 Towne435,F,GENERAL PRACTICE,161 JACKSON ST,LOWELL,MA,018522103,42.6425382,-71.3093946,41,0
042bbc91-1d54-3d1c-9953-1eb958592ab1,82c72223-f521-3a34-9b9b-4ff366365399,Margaret865 Reinger292,F,GENERAL PRACTICE,2100 DORCHESTER AVENUE,QUINCY,MA,021691870,42.2509914,-71.0037374,126,0
0b72a984-55be-3a01-b001-202e06a2b03a,b5e6f1bd-c744-3556-9775-5ff8399eea33,Whitney250 Wiza601,M,GENERAL PRACTICE,2284 MAIN ST,CONCORD,MA,017423829,42.44300895,-71.42458458423982,61,0
73adf917-6715-3f92-8018-ceb725f76ade,04b252db-4231-3cb5-963d-6f096fb4b97c,Lorie307 Grady603,F,GENERAL PRACTICE,1177 PROVIDENCE HIGHWAY,NORWOOD,MA,020625019,42.194543,-71.1994976,1,0
347959d6-655c-383d-8ac6-5881998107ee,a94f4f6e-88ad-39ff-a935-dc87f13327b1,Fae378 Wiza601,F,GENERAL PRACTICE,370 WEST STREET,LEOMINSTER,MA,014532073,42.535877150000005,-71.77537115047085,2,0
dd364e75-1ca1-39d5-a385-4d33b49b364c,94f6a3ae-7d8d-3cbc-a788-e400732da7e5,Ammie189 Kuvalis369,F,GENERAL PRACTICE,450 WEST RIVER ST,ORANGE,MA,013649603,42.5928702,-72.32953998953418,49,0
6b6812ab-4909-3443-ad07-c0e0bf30a38f,4bde4cbc-55f7-3501-90eb-2c88178c7be1,Melvin857 Nikolaus26,M,GENERAL PRACTICE,50 MEMORIAL DR,LEOMINSTER,MA,014532238,42.541995,-71.7628835,26,0
edc78b86-9fdf-3152-9c53-b73e382f3f6a,e2eab39c-5195-34aa-b35f-e89e37cfed01,Miguel815 Roberts511,M,GENERAL PRACTICE,55 FOGG ROAD,WEYMOUTH,MA,021893141,42.175539799999996,-70.9539153674405,614,0
6107ac70-2d9f-375e-aa6f-fb3c3f0b0fd0,21989e2e-249c-3b79-acf0-240211e16b4b,Hung902 Ullrich385,M,GENERAL PRACTICE,1290 TREMONT ST,ROXBURY,MA,021203432,42.3327398,-71.09194864251029,22,0
6915b1a8-a324-3bf5-9be6-a4669139de36,a977feef-f585-3fa8-8deb-7e60fc2cab30,Kimbra238 Schulist381,F,GENERAL PRACTICE,2314 MAIN STREET,TEWKSBURY,MA,018763128,42.58023655,-71.19367180835906,3,0
02de0dce-4a48-33c2-9a1d-055925ac6780,1de7e7d9-9a7a-3a3f-bf4c-b4de450711f2,Vince741 Morissette863,M,GENERAL PRACTICE,198 LITTLETON RD,WESTFORD,MA,018863429,42.564282,-71.42620615382347,41,0
f847913f-a4ff-3eb7-af70-063bbac3b2a3,df3f566c-97e5-31ed-b0fe-4b452666f736,Mckinley734 Rodriguez71,M,GENERAL PRACTICE,300 CHESTNUT ST,NEEDHAM,MA,024922477,42.27522125,-71.23743483674366,39,0
267a96cd-7ff2-3b4c-aa4c-ec2dea59e60e,4705a8fd-19cd-32c1-8b3e-34bcfe84d0bd,Wynell591 Mayert710,F,GENERAL PRACTICE,55 N WASHINGTON ST,NORTH ATTLEBORO,MA,027601607,41.983529,-71.332241,63,0
49e19d2e-1f9e-39f5-a436-a2b4ef194280,497f39dd-280e-3d58-af5b-c5e3a3a09b10,Arden380 Bergstrom287,M,GENERAL PRACTICE,27 PARK ST,HYANNIS,MA,026015230,41.65363635,-70.27352219234834,560,0
6d75380d-3f8c-39d0-94a6-b690d46fd978,f2a6c4f7-f5b2-361a-95c4-3d635b352a46,Marshall526 Lynch190,M,GENERAL PRACTICE,546 SOUTH STREET EAST,RAYNHAM,MA,027671079,41.8984957,-71.03751432894776,18,0
16fa21b1-149b-39ae-847d-b0646fb936ad,578b56de-fe9c-32e1-aea4-876f8bc01e9c,Agnes294 Dooley940,F,GENERAL PRACTICE,49 HILLSIDE STREET,FALL RIVER,MA,027205211,41.707406500000005,-71.14593659462452,177,0
134f31cd-2181-30d3-9388-72b23607f976,0d7fd824-1c7b-3f8b-a662-f6c2005e82e1,Lyndon118 Trantow673,M,GENERAL PRACTICE,88 MASONIC HOME ROAD,CHARLTON,MA,015071394,42.1389039,-71.9782681,8,0
3f47454d-a7fc-3f3f-a63c-26853c26493c,accb8cdd-6560-3fef-b0a6-f12c3295026a,Kerrie266 Bergstrom287,F,GENERAL PRACTICE,969 PARK STREET,ATTLEBORO,MA,027035115,41.9266899,-71.2611303145582,65,0
20b04d3b-0e75-3482-9788-5729e452fa3a,83445caa-116b-3a1e-a75e-8104d321c4c3,Peter292 Crona259,M,GENERAL PRACTICE,315 MAIN ST STE 101,NORTH READING,MA,018641326,42.596733799999996,-71.11988300141903,92,0
8cb58087-ef58-3dd9-8430-33160445b071,7445ae34-b648-3d3a-b8cf-0eb630061b6e,Brenton674 Pagac496,M,GENERAL PRACTICE,34 CEDAR ST STE 4,WEST ROXBURY,MA,021324338,42.2792649,-71.1494972,1,0
8c5e4995-bb65-39d7-9481-811f84cdd550,a2df2aea-9c53-31f4-baea-02ea5ea1e553,Leon728 Lehner980,M,GENERAL PRACTICE,95 LAUREL STREET,GREENFIELD,MA,013013106,42.58163075,-72.61795013515538,4,0
d6e41c4d-224a-37d3-ba02-12f0799e83bf,390a2aa4-70b4-3a64-a12f-9bd777834c8d,Hunter736 Howe413,M,GENERAL PRACTICE,710 MAIN STREET,HARWICH PORT,MA,026461931,41.669654699920855,-70.06169919459835,38,0
96a0f714-d416-311c-96a1-27c361cfce8f,c5d5a544-0277-342f-8422-d30848a82438,Magdalena964 Lara964,F,GENERAL PRACTICE,151 ROCK ST,FALL RIVER,MA,027203201,41.70365955,-71.15259151299796,55,0
0b12855a-497d-3ed8-9e11-695b27147ae6,1ab2b5f9-cb95-3236-beec-9b9d4a407c61,Carroll471 Eichmann909,M,GENERAL PRACTICE,725 NORTH ST,PITTSFIELD,MA,012014109,42.4600752,-73.2492795834909,280,0
a1523568-b087-3add-8854-aa81bd17e6f0,07ae483b-b351-3add-8b05-afba832b88ea,Harold594 Murray856,M,GENERAL PRACTICE,5 REDLANDS ROAD,WEST ROXBURY,MA,021321506,42.2879347,-71.15108161583282,17,0
1d05a2dd-1d29-3c98-afcc-866d8d26fdae,1bed5229-19d7-3168-94a2-f1f2abb00270,Nilsa143 Moore224,F,GENERAL PRACTICE,88 WASHINGTON ST,TAUNTON,MA,027802465,41.9062805,-71.09518121351795,119,0
2f4773ce-0537-3fa3-b496-50ee6b049cbd,41e2a44c-477c-3511-96f9-12c476aa3b6a,Latoyia537 Lindgren255,F,GENERAL PRACTICE,85 E NEWTON ST,BOSTON,MA,021183553,42.336277100000004,-71.07085295687423,835,0
e6d0b5f0-87af-33ca-bfd9-6b655c524a56,f00601d0-d49e-30ed-bc3e-314379f2103e,Elijah719 White193,M,GENERAL PRACTICE,490 MAIN ST,MELROSE,MA,021763841,42.4550741,-71.0654799,28,0
2da35b52-19a8-36c0-93f8-631762fc08df,71a1e089-024e-3255-a536-9204586fa4fc,Millard193 Doyle959,M,GENERAL PRACTICE,1 GORHAM IS,WEST YARMOUTH,MA,026733200,41.6501114,-70.2411312,1,0
31a4e151-2a5d-30af-bbab-a46a5455643b,5b0cd0a0-f277-3a66-bee6-d64b5be4a3f5,Waldo53 Hintz995,M,GENERAL PRACTICE,725 NORTH ST,PITTSFIELD,MA,012015493,42.4600752,-73.2492795834909,11,0
9213e5e1-7147-35f3-b7df-5de9b6f0ecfc,edbb9e9c-3440-3b38-abfc-83a8f0b6bebc,Malik994 Huels583,M,GENERAL PRACTICE,273 OAK GROVE AVE,FALL RIVER,MA,027232315,41.70179473202871,-71.13310371798859,1,0
de15efe3-d72a-31d8-84d9-6a15287e480a,79a06fd6-9f2b-35e3-9b11-0bc5ff89e17c,Lady554 Kovacek682,F,GENERAL PRACTICE,225 Boston Road  Suite 107,Lynn,MA,01904,42.470093,-70.95994,451,0
5e1aeabc-9cf4-3e47-a215-715c1f01cfab,b44955d1-f0e2-3beb-a013-708a81dbe430,Idella49 Runte676,F,GENERAL PRACTICE,680 CENTRE ST,WEST BRIDGEWATER,MA,023791600,42.0219112,-71.019004,51,0
27ca7929-6c2e-3c64-957d-754d9935dd64,c1986c0c-f756-3596-8f90-08adacf220fe,Cristy798 Auer97,F,GENERAL PRACTICE,73 CHESTNUT STREET,SAUGUS,MA,019061605,42.4573919,-70.9918055,2,0
8534ebea-3199-3d6c-964b-d037378a1a41,ad2dab07-4f85-3950-baaa-7c7cd2aa770c,Federico589 Kuhic920,M,GENERAL PRACTICE,55 LAKE AVENUE NORTH,WORCESTER,MA,016550002,42.2774799,-71.76166994969458,206,0
5271db44-4b3f-3080-9a6b-cae0e3847270,67d2f85b-ddc7-3ed0-b90b-6fa5b7b8358a,Marshall526 Jenkins714,M,GENERAL PRACTICE,43 FOUNDRY AVE,WALTHAM,MA,024538313,42.37050535,-71.21908334877376,197,0
3ac18126-a5cc-3043-bbb7-18d6763c82b2,0d9b0d22-585e-3fd8-ab02-26b5be7915d1,Duane703 Koelpin146,M,GENERAL PRACTICE,516 CAREW ST,SPRINGFIELD,MA,011042330,42.12133575,-72.59217953646302,5,0
ca157b66-f421-3644-800f-26b52a33612a,e4dbbb2f-5a51-341d-b5a5-dd91b968b217,Errol226 Gaylord332,M,GENERAL PRACTICE,329 WASHINGTON ST,NORWELL,MA,020611737,42.16319935,-70.86354427737673,2,0
9d95d0c2-b190-31a8-8d48-e88cc3724d0b,0d1570ab-371c-3898-9397-95905d8c5166,Santina680 Dicki44,F,GENERAL PRACTICE,750 WASHINGTON ST,BOSTON,MA,021111552,42.3499038,-71.0631836,2,0
1f0006a5-f662-31fa-ad85-e39490817932,1853aeef-5897-326a-80d6-aa4b0459eb6d,Kendra609 Kassulke119,F,GENERAL PRACTICE,381 WICKENDEN ST,ATTLEBORO,MA,027032247,41.9438129,-71.2806515,127,0
85c9df61-ca98-3fef-9cb9-d99680a32c44,4b7e26e6-e5b1-38c9-b4ac-fde9a0f93177,Maggie320 Eichmann909,F,GENERAL PRACTICE,38 BROAD STREET,QUINCY,MA,021694604,42.2560352,-70.99469254391217,22,0
90d26cf1-236b-3f61-9e28-a69d04353842,94dda4e1-7476-367a-b1f8-37ea7f61a1b7,Yolanda648 Vargas494,F,GENERAL PRACTICE,145 WARD HILL AVENUE,WESTBOROUGH,MA,015811017,42.2694308,-71.6129907,358,0
2286ce9d-7d18-330e-8eac-08af36946da2,01bb7b5c-f850-3c4e-a3f1-442d8273559a,Dennis979 Effertz744,F,GENERAL PRACTICE,395 PLEASANT ST,NORTHAMPTON,MA,010603914,42.3150543,-72.62555561349089,21,0
c335e1f7-ad58-39eb-bbd5-9db193076229,c56fe86b-652f-3359-ad8e-4b8502d94cb9,Eleanore671 Erdman779,F,GENERAL PRACTICE,5060 WASHINGTON ST,WEST ROXBURY,MA,021324738,42.2649902,-71.15254191018812,1,0
79bc6145-27cb-3435-ae1a-29e30328c35d,bdaa3017-130e-34e9-b3ac-ca6d992e8b50,Theron432 Bednar518,M,GENERAL PRACTICE,150 WATER STREET,HAVERHILL,MA,018306213,42.77508795,-71.07182802882255,3,0
ebe32c8b-c54f-30ec-a9d0-c7ca5a540fa8,22fa6d28-92b6-3446-a388-f5aba50debaf,Clarence5 Robel940,F,GENERAL PRACTICE,123 CAPTAIN'S ROW,CHELSEA,MA,021504019,42.3917638,-71.0328284,7,0
5c658f92-c66d-323f-9627-296936369c58,2ca615f3-87f7-3283-a447-d919a883b676,Isaias604 Dickinson688,M,GENERAL PRACTICE,1399 WASHINGTON ST,HANOVER,MA,023391653,42.1441354,-70.8440854,43,0
4dbfce94-1fa9-36bb-ac10-bab06151a159,0583e4f7-f1c2-3100-8e0c-d0decc7ef261,Dusti191 Howe413,F,GENERAL PRACTICE,123 WATERHOUSE ROAD,BOURNE,MA,025323890,41.72840155,-70.58506829999999,143,0
9f12357f-00bf-3756-ae18-8a85c5147420,7f32dd7d-5c35-3ddb-839b-8fbbb930d412,Luna60 Littel644,F,GENERAL PRACTICE,863 CENTRAL STREET,FRAMINGHAM,MA,017014813,42.30758060362541,-71.42846215724606,14,0
7abe78d2-1189-32d7-abd8-9b51fa99e4d7,51d38e67-9350-39b8-bbb3-91cc879ae415,Millie392 Hoppe518,F,GENERAL PRACTICE,335 NICHOLS ROAD,FITCHBURG,MA,014201932,42.598254850000004,-71.80841914533654,36,0
2a650563-7464-3cbc-953c-ba8e3718c2f5,0a689d33-2b0d-3942-8de8-e28812e91c69,Noah480 Pagac496,M,GENERAL PRACTICE,47 SEAVERNS AVE # 5,BROOKLINE,MA,024463806,42.3317642,-71.1211635,29,0
b8c2d9aa-d72f-340c-8a40-823a4b2bb2b7,cac6f8b3-eafd-31b3-9fa3-8015752ccc2c,Jessie665 Pagac496,M,GENERAL PRACTICE,123 SUMMER ST,WORCESTER,MA,016081216,42.26496835,-71.79655403681465,40,0
1a12d918-dc13-3919-9472-4ed99b335559,e02d9c87-52cb-3f3c-9f97-fe95f260c437,Elisabeth967 Hoeger474,F,GENERAL PRACTICE,321 MANLEY STREET,WEST BRIDGEWATER,MA,023791022,42.0338457,-71.05496436428572,5,0
b7676615-808e-36d6-a592-14ef879317f1,6e517750-a29e-3170-a02b-5733ff523458,Levi940 Abbott774,M,GENERAL PRACTICE,101 BARRY RD,WORCESTER,MA,016091275,42.3030701,-71.8333408960994,93,0
022b2c2f-598c-3ba6-9d70-3989aab0b16f,bb867d36-0c8d-33b4-b19c-a8c026655b6c,Arnoldo445 Macejkovic424,M,GENERAL PRACTICE,200 KENDALL ST,SPRINGFIELD,MA,011042532,42.12161175,-72.57784860231564,1,0
db65039d-7b69-35a3-b544-552d894cfe1f,0be0e035-8dad-387e-bbdd-a5a469c4311f,Deane47 Howe413,F,GENERAL PRACTICE,480 MAPLE ST,DANVERS,MA,019234065,42.584178050000006,-70.97197467750539,2,0
b3725f84-719d-3d51-a20e-eaf6ce5ed2c6,3f12ebb4-e03c-3453-88d2-4fc9682383df,Erwin847 Stiedemann542,M,GENERAL PRACTICE,726 COUNTY ST,NORTH DARTMOUTH,MA,027473603,41.6389926,-70.9703171,46,0
f1405f45-4e80-3a04-a2fc-3ff44afc5377,a9fc7aa5-d3b3-314d-9cf7-af29051d3dd9,Rudolf736 Hermiston71,M,GENERAL PRACTICE,1193 SEA STREET,TAUNTON,MA,027803960,41.8946107,-71.11113,11,0
b7b58a22-1d3a-30f2-b8d6-821bd2d8d5b1,8ec2ca51-abb4-35dd-b90f-6c6aad6d2124,Oda116 Conn188,F,GENERAL PRACTICE,22 JOHNSON STREET,PEABODY,MA,019602311,42.54644385,-70.99288129112277,3,0
47ef5785-6140-3cc2-a03a-2812148721aa,9fdce5d5-d4d0-3156-a8d5-8757bfe4e9b3,Pamelia915 Kilback373,F,GENERAL PRACTICE,1 FARMER CIR,ARLINGTON,MA,024742866,42.42405225,-71.16792616556859,59,0
45cb7737-e174-336a-92c4-3d436408b191,b014aec7-7bd8-351f-8808-3e280cbc5be6,Rosaria177 Volkman526,F,GENERAL PRACTICE,70 EAST ST,HAVERHILL,MA,018306700,42.7777829,-71.0767724,78,0
9b127a42-a3ab-3e14-9fb7-db1a1c23228f,b3b56527-d366-3353-bca9-266a12f23051,Carolina179 Granado100,F,GENERAL PRACTICE,60 QUAKER HIGHWAY,UXBRIDGE,MA,015691628,42.06100105,-71.62352848737622,6,0
ffbff107-f291-3a41-b60b-01d82b2047d3,125eccb3-d003-34ea-9bd8-360dff059782,Mickey576 Gerlach374,M,GENERAL PRACTICE,125 PARKER HILL AVENUE,DEDHAM,MA,020266146,42.2489143,-71.1755732,159,0
6498a548-132d-3fb8-8ba3-814e38ed3e0f,c5742266-625d-3824-9ed3-4b5c6bc3e296,Rod343 Goyette777,M,GENERAL PRACTICE,22 BRAMHALL ST,SCITUATE,MA,020664312,42.1939754,-70.7697128,21,0
14a07b17-4a46-3136-bef8-2152dcd448a1,68027854-a51a-324b-8f20-2da7be608ebf,Ralph813 Legros616,M,GENERAL PRACTICE,50 RECREATION PARK DRIVE,HINGHAM,MA,020434206,42.176395,-70.90419664699353,13,0
e5b6aa73-0130-3d45-afc2-81c38870db87,52323856-2b6a-3c09-8277-7d4ff9cb325a,Robby860 Schuster709,M,GENERAL PRACTICE,99 PARK STREET,BROOKLINE,MA,024464406,42.3398029,-71.1238599,1,0
cbd1690d-67a1-3eb6-bb06-54bd8ed322ae,a8a4e435-687f-3ecb-9af8-09b4636d1a1a,Javier97 Valadez233,M,GENERAL PRACTICE,107 COMMERCIAL ST,MASHPEE,MA,026496507,41.60736455,-70.49065684933157,70,0
68ea2bb1-7bc8-37de-9d4d-3fe323507769,e5b9db6a-8dd8-3622-b9ce-3dc593e111d1,Harvey63 Tromp100,M,GENERAL PRACTICE,1223 BEACON ST STE A,BROOKLINE,MA,024465332,42.3430087,-71.1170155,51,0
305818b8-f1c3-34b2-988b-9fcf63c38f4c,e92dad8b-f485-315a-8fc4-1d7adfdc9c00,Ramiro608 Anderson154,M,GENERAL PRACTICE,581 FAUNCE CORNER RD,DARTMOUTH,MA,027471242,41.676111381167445,-70.98788528176077,50,0
99a8eaa3-431b-308b-a68a-3598c62788c0,6929d249-cc27-33aa-a871-b6f26059615d,Deon400 Fritsch593,M,GENERAL PRACTICE,ONE HOSPITAL ROAD  FIRST FL  WING 5   PO BOX 1477,OAK BLUFFS,MA,025571406,41.4538523,-70.5684713,295,0
92013a7f-218f-3040-bfe9-9c1af9cf7768,a1a024f0-95e2-3db4-a771-e2f17c5da162,Arturo47 Schmidt332,M,GENERAL PRACTICE,18 NEWTON ST,BROCKTON,MA,023015115,42.0785392,-71.02602473630952,105,0
3836270c-2ab9-35f3-9e04-bd589312d19e,aad05540-c9cb-3805-b3c4-f9b9d9b42b2e,Arla414 Fritsch593,F,GENERAL PRACTICE,821 E MAIN ST STE 3,CHICOPEE,MA,010206306,42.155774795300516,-72.55672263289513,103,0
ed9f2989-5481-30b3-a057-eb397d40ef0a,2e73956a-942f-36f3-b88c-f88e782e578f,Elli820 Boyle917,F,GENERAL PRACTICE,790 TURNPIKE STREET  SUITE 202,NORTH ANDOVER,MA,018456138,42.661547049999996,-71.10774565195425,1,0
6ab4903c-7ffb-3347-8815-4b8cd6b98f84,eea92149-820f-301f-911e-b170e8312842,Tracey100 Hamill307,M,GENERAL PRACTICE,123 SUMMER STREET,WORCESTER,MA,016102177,42.26496835,-71.79655403681465,38,0
932e88b2-426c-32b2-abcc-6694071bc7d4,19a3afba-b409-3650-a0ab-f3faf6e391ef,Gustavo235 Bravo546,M,GENERAL PRACTICE,199 REEDSDALE RD,WALTHAM,MA,024511433,42.3756401,-71.2358004,73,0
68cbbb33-e1b6-3e70-992f-d5d6c25f5502,76b7dbb5-0a02-32a4-9a01-3511f7e45016,Emerita401 Satterfield305,F,GENERAL PRACTICE,59 COUNTRY WAY,SCITUATE,MA,020663746,42.1806871,-70.74862935148246,5,0
9fe65c56-8a8e-368a-8a12-69dc3dcf99b4,25c85bcc-7e25-36bc-89e8-08e0d473db23,Sharron285 Okuneva707,F,GENERAL PRACTICE,138 S MAIN ST STE 14,MILFORD,MA,017573272,42.1270746,-71.51639128815474,58,0
ae88f945-7dd8-3e3b-9630-d4a002615d81,eb9188f8-3f7a-3794-a349-94f88f7ff41c,Hattie299 Kuhlman484,F,GENERAL PRACTICE,119 PROVIDENCE STREET,WORCESTER,MA,016044429,42.25031935,-71.79212030621437,1,0
05d1c8bd-64e5-3078-9b75-a90d3be81bae,c9aabcbd-d4e0-391f-8980-d0be6934ea82,Lindsay928 Leffler128,M,GENERAL PRACTICE,340 PLEASANT ST,BROCKTON,MA,023013236,42.08764334999999,-71.03287346676532,64,0
a5c075e0-d5ec-33a4-afd5-d004d2e055ae,d9b71ccf-6649-3555-9e99-44eac0af257f,Javier97 Collier206,M,GENERAL PRACTICE,655 DEDHAM ST,WRENTHAM,MA,020931135,42.084901,-71.30689224201797,17,0
3a6d0ffc-3484-3cc8-a7ec-cd1eda3b6374,7348f15f-ec3d-3aef-821a-8de550c90f26,Débora815 Yáñez198,F,GENERAL PRACTICE,292 WASHINGTON ST,GLOUCESTER,MA,019304832,42.6249323,-70.6824382785235,1,0
f9763f1f-6668-3cb5-9d64-d323f1385f37,2f5c26cd-be8d-351a-97af-23fbcaba0967,Jamal145 Casper496,M,GENERAL PRACTICE,36 CORDAGE PARK CIR,PLYMOUTH,MA,023607320,41.978323,-70.689036,1,0
616cdd3a-3070-3c33-8a1e-b6b8d223d7a8,6ff4bb75-c014-3f73-a574-620cf1538d85,Kevin729 Hamill307,M,GENERAL PRACTICE,250 GREEN ST,GARDNER,MA,01440,42.586896550000006,-71.98672640006858,57,0
5df44950-55d1-3458-95d4-1265cc6bba03,e68de1a0-767e-3466-b9a6-43948ee073d3,Simone657 Ratke343,F,GENERAL PRACTICE,160 WELLS AVENUE,NEWTON,MA,024593302,42.29337605,-71.19806353028767,14,0
4507f24c-2271-30a3-ae05-8792c075cfd9,2fb77691-5353-358a-bc94-90af77dd654b,Sasha806 D'Amore443,F,GENERAL PRACTICE,200 GROTON RD,AYER,MA,014321168,42.577352149999996,-71.57414587343038,129,0
a1008653-ebbf-351b-b65f-8c157fb3c863,d6c165ec-d9ca-35a5-9bc8-2061cbfb83a2,Linn541 Lynch190,F,GENERAL PRACTICE,10 ADAMS ST,NORTH CHELMSFORD,MA,018631780,42.6389249,-71.3840196,31,0
87c145a2-2380-35cb-ad8d-7ce942861574,cbebae9e-f95e-3d2c-9712-289ea8d6aeec,Xochitl483 Haley279,F,GENERAL PRACTICE,49 ROBINWOOD AVENUE,QUINCY,MA,021698130,42.2509914,-71.0037374,117,0
f151e283-8a34-3552-8660-c9d582e1690c,1cec4304-9757-3a10-ad4f-7e2090c56131,Eugene421 Rohan584,F,GENERAL PRACTICE,55 LAKE AVE N,WORCESTER,MA,016550002,42.2774799,-71.76166994969458,172,0
89792ff5-6762-331a-8791-05b1dcbad52f,82ed13dd-9643-31e1-a56c-ff9a28a9d671,Mohammed454 Cartwright189,M,GENERAL PRACTICE,290 ROUTE 130,FORESTDALE,MA,02644,41.713592,-70.4889162,24,0
2e2e802e-061e-36f0-a6a8-6d1b171917fe,5862e05c-9533-3f7a-8f73-215d50f5ee2f,Estell607 Barton704,F,GENERAL PRACTICE,1200 CENTRE ST,ROSLINDALE,MA,021311000,42.29768,-71.130463,690,0
5e3e368c-1d62-3c73-92fe-40ac7fc09e88,471f7ca2-38f8-3080-8109-187c73ec0b1f,Reginia455 Johnson679,F,GENERAL PRACTICE,27 CONGRESS ST,SALEM,MA,019707308,42.518722068313224,-70.88940635956651,104,0
68b592e0-020a-3358-9e0e-b0252ea5151b,a5577e5c-b886-37a0-8eee-8ff6feb7ea6b,Leopoldo762 Keebler762,M,GENERAL PRACTICE,330 MOUNT AUBURN ST,CAMBRIDGE,MA,021385502,42.3741033,-71.13417575971958,484,0
593e9ed8-992c-38e9-bfc9-7a2deb1db480,20df65a4-7567-3066-b680-0f71b0c31d38,Kristina583 Bashirian201,F,GENERAL PRACTICE,242 GREEN ST,GARDNER,MA,014401336,42.58685735,-71.98748072431209,278,0
c0eb7b10-1232-3963-805c-2cbbae3a39c9,5581e43d-0463-3a0b-afc7-a60aea5ac96c,Benita195 VonRueden376,F,GENERAL PRACTICE,57 RIVER RD,ANDOVER,MA,018101144,42.69112645,-71.19636086287642,114,0
b2c66ad6-a314-3193-9f7b-b310a88cb34e,7dcab1ad-0e13-3700-9eb0-70767c5e2b55,Dana512 Wilkinson796,F,GENERAL PRACTICE,1515 ALLEN ST,SPRINGFIELD,MA,011181803,42.095299499999996,-72.50943136142334,3,0
18ddc5ce-502d-3e72-9a17-a209c6d3ccde,8269bd00-d9ff-3bda-a585-9587bc1d330b,Arlie183 Jacobson885,M,GENERAL PRACTICE,223 SWANTON ST,WINCHESTER,MA,018901968,42.4616579,-71.13927131946744,1,0
69843b07-2476-38a8-81e4-bc06c38358c0,7fc42341-ad5f-3c6c-94f3-4afaa0f8a028,Preston275 Herzog843,M,GENERAL PRACTICE,368 FAUNCE CORNER RD,DARTMOUTH,MA,027476249,41.6633564,-70.99152756769953,13,0
74c2eb50-9270-3340-9e65-f0e7c7538ce7,ce9c1582-994d-32bf-835c-474a249d2804,Maude482 Veum823,F,GENERAL PRACTICE,275 MARTINE STREET  SUITE 104,FALL RIVER,MA,027231500,41.68393816525316,-71.1220830626733,10,0
4d68524e-42d4-3a1a-9aa1-b86cae3d07d2,9485907a-9f9c-3c19-a424-b402ee8f99c2,Lavern240 Bogisich202,M,GENERAL PRACTICE,101 PLANTATION STREET,WORCESTER,MA,016043025,42.258026400000006,-71.78384882397785,14,0
a644ed79-caff-3a88-9bbc-9c1cf87b8c67,9b8a7a25-b923-3710-9f3c-d42919a3f54f,Kayce253 Ondricka197,F,GENERAL PRACTICE,146 MAIN ST,MAYNARD,MA,017542651,42.4309786,-71.4552968,64,0
efaa8ec6-3bac-370b-91a3-ba24bfba960a,62b55e5b-b58f-354d-8f2d-f2a330bc619e,Brandon214 Gerlach374,M,GENERAL PRACTICE,201 HIGHLAND ST,CLINTON,MA,015101037,42.42738865,-71.69329092351188,194,0
b67ab4ec-77e2-3afc-be5b-1c8b7fd0af2e,966245ce-e84d-36b0-a838-2e0b5bb2e668,Pei116 Crooks415,F,GENERAL PRACTICE,1425 BLUE HILL AVENUE,MATTAPAN,MA,021262122,42.2754929,-71.09384131587021,64,0
68524e59-232f-36b3-9f2c-8a5621d85745,9dbd44ba-59b2-3d1d-ac91-3880af8081d2,Tori754 Larson43,F,GENERAL PRACTICE,529 MAIN ST STE B,ACTON,MA,017203965,42.4878132338563,-71.43046999422496,63,0
ca2521ac-ca5b-32fd-951b-d954c2799a8d,845fbd9b-2d1c-39a8-8261-28ae40e4fab2,Sam879 Rippin620,F,GENERAL PRACTICE,14 PROSPECT STREET,UPTON,MA,015681431,42.1700209025178,-71.59409308099494,577,0
531e3f80-e3f2-3d36-bdfc-081d7ecb138b,bac9dc0c-cb0f-3fa6-aa12-819dd0fb922a,Nicholas495 Greenfelder433,M,GENERAL PRACTICE,1493 CAMBRIDGE ST,SOMERVILLE,MA,021452935,42.3875968,-71.0994968,4,0
be3a59f2-f4c8-3690-959d-f86f25550d53,84d5768f-3a21-3da9-aad2-bbf7a3ae2700,Elba502 Schneider199,F,GENERAL PRACTICE,817 MERRIMACK ST,LOWELL,MA,018543548,42.650296999999995,-71.32263756223612,47,0
a59c57aa-dbaf-32d4-acbd-2561b6feb1f6,9ce6072b-d039-3cde-8eaf-950211b8ae88,Terrie907 Ratke343,F,GENERAL PRACTICE,147 S MAIN ST,MIDDLETON,MA,019492446,42.585787222720036,-71.00861442427218,5,0
a57cf040-7a3f-37e5-b329-a0bfed7a975d,37e9314c-6d3f-3aae-8f0a-8139f6a3034c,Pattie91 Dooley940,F,GENERAL PRACTICE,130 Marshall Road,Lowell,MA,01852,42.62101,-71.31481,19,0
281df5ef-d2c7-3eb5-81ab-c364cfe9a660,af8566eb-8918-3ec7-ba44-92b6a2cf8097,Madelaine318 Walker122,F,GENERAL PRACTICE,81 HIGHLAND AVE,SALEM,MA,019702714,42.5112107,-70.90516241826194,460,0
75a92e35-bb06-39c2-85bb-dea568b0c80e,d4a03501-69f6-3a89-ac27-ed25976fdb6f,Clarence5 Hyatt152,M,GENERAL PRACTICE,25 WOODLAND ROAD,STONEHAM,MA,021801705,42.450448800000004,-71.09076944938434,14,0
c2045b6b-38f0-3d66-b330-9f331c211544,a036cdf2-bbc5-3ffd-987f-56e437fd8b74,Shayne60 Gutmann970,M,GENERAL PRACTICE,265 N MAIN ST,SOUTH YARMOUTH,MA,026642083,41.680980000000005,-70.18292625685085,25,0
7be2fb59-dbd6-37db-a5c7-4bef5b770516,4f5e8f16-a31b-3071-8556-d7188ede313d,Kala987 Wolf938,F,GENERAL PRACTICE,575 BEECH ST,HOLYOKE,MA,010402223,42.20105435,-72.628169560868,129,0
f7f9b54f-2f91-324d-85b9-bc42e817fd96,69cb2157-b620-3c51-9c94-f516462d2d55,Luther918 Schroeder447,M,GENERAL PRACTICE,11 WATER ST,ARLINGTON,MA,02476,42.41642055,-71.15424293038585,21,0
fcb0b465-d6d5-36f3-a852-3c810c62accf,ae3eab22-8868-37bb-9a59-2b8bfe14bf34,Lucas404 Gutiérrez115,M,GENERAL PRACTICE,2033 MAIN STREET,ATHOL,MA,01331,42.58522105,-72.20868129339888,149,0
f461e1af-79a3-3ddf-8f4c-44314e6ee2cb,615416de-5217-3c11-9828-2d4bacd1d9cb,Brooks264 Williamson769,M,GENERAL PRACTICE,434 ROUTE 134,HYANNIS,MA,026011854,41.6753274,-70.309939,2,0
d9f4345e-28d8-3612-a0fd-f008b8f69ef4,f90ef475-defe-363d-a926-573b38f804a2,Bea654 Schiller186,F,GENERAL PRACTICE,54 HOPEDALE ST,HOPKINTON,MA,017481672,42.2288875,-71.5196439,43,0
bf957650-643e-3d42-850d-d35a7982ac68,41f66e18-8eb7-32f2-9371-7df5bf2b8d21,Noma845 Mraz590,F,GENERAL PRACTICE,170 UNIVERSITY DRIVE,GREENFIELD,MA,013011238,42.6097476,-72.5979752,1,0
8b5ed801-b708-3ba3-97e9-6babff505e6a,a25107f7-f4f5-36fc-98e4-f3e1b5875c91,Rubén780 Garay400,M,GENERAL PRACTICE,1285 BEACON ST,WOBURN,MA,018012157,42.4979478,-71.1684508,53,0
fab91740-0fb1-3660-9361-b433ecfbc344,0e6c3ad1-24c1-34cb-bb6d-e8438fa319e2,Vern731 Casper496,M,GENERAL PRACTICE,50 DODGE ST,SWAMPSCOTT,MA,019071300,42.4699241,-70.9171507,89,0
de646ee1-9c63-3633-9d9a-d8d52d1799a5,b4ca31a9-9d34-3ea1-93c4-443941622304,Emory494 Nicolas769,M,GENERAL PRACTICE,102 MAIN ST,GREENFIELD,MA,013013224,42.5879173,-72.6055828841603,32,0
5e5f4f26-d7f0-3ce4-a2f3-24c2989bcade,43ee6bb5-8efa-3bfc-8ca8-1579a5267753,Kristopher775 Roob72,M,GENERAL PRACTICE,235 N PEARL ST,BROCKTON,MA,023011794,42.09805395,-71.0609587194362,42,0
2391a02e-44e6-38db-8857-b41978df020f,3695125c-c052-3ece-898a-2a6448987ae5,Rosanna866 DuBuque211,F,GENERAL PRACTICE,2040 BOSTON RD STE 5,WILBRAHAM,MA,010951380,42.150295650000004,-72.47288272264812,1,0
6482f12d-81a8-3e89-a340-c260529224e1,45db4ed7-a93e-3946-9c31-b567ca373de6,Bell723 Toy286,F,GENERAL PRACTICE,7 Drydock Ave  Suite 2070,Boston,MA,02210,42.34461,-71.03728,5,0
2c0644b5-6425-360f-bc98-61fe204d8146,bdd9ad72-443a-3563-a626-4c45f6d058b2,Zachary28 Bogan287,M,GENERAL PRACTICE,147 PELHAM STREET,WORCESTER,MA,016072105,42.265209,-71.814005,14,0
d2236547-5438-3a9c-99d3-ee47032d6109,05fcf001-ab24-3d7d-85f7-f64942d82738,Leonarda398 Schumm995,F,GENERAL PRACTICE,250 POND STREET,FRAMINGHAM,MA,017014592,42.2838619,-71.4093719,187,0
63cf61d3-793f-3459-9063-c980d8e94692,7e6db51f-7c1b-3555-9e1c-6269ba6d704d,Drew592 Streich926,M,GENERAL PRACTICE,120 STAFFORD STREET SUITE 206,WORCESTER,MA,016031461,42.239638,-71.8443785891577,8,0
312b9a92-19cf-33b6-a9e6-21b72b0433cf,83769f98-fff3-3535-8781-6ace5957136f,Emilia403 Breitenberg711,F,GENERAL PRACTICE,115 NORTH AVENUE,ROCKLAND,MA,023702129,42.13496385,-70.92237824494691,3,0
c3938daa-443b-3d74-bf02-4a25d5113a46,e87cda4c-1ad8-3a9e-b55f-7bfe987610ce,Mariana775 Escamilla823,F,GENERAL PRACTICE,326 NICHOLS RD,FITCHBURG,MA,014201914,42.5974358,-71.80761197366103,46,0
b9f9a6fc-593d-39c6-9a07-d9a208f2cc5a,05cd3fbb-08ce-38bf-b680-721a3e902d43,Lacy523 White193,M,GENERAL PRACTICE,9 WARREN CT,SALEM,MA,019703163,42.51586993877551,-70.90514912244899,29,0
bd30e9c6-cbe1-326c-905a-89579816a5fd,0e3a24c3-b772-3059-b3fd-8a4710068a82,Rex53 Gerhold939,M,GENERAL PRACTICE,416 BROADWAY,RAYNHAM,MA,027671737,41.940680799999996,-71.07864352196617,35,0
67c2a51e-db4f-322a-8869-43a79bda97e8,f68ebf98-ba5b-35af-b2bd-da56cc5b13be,Jen355 Hintz995,F,GENERAL PRACTICE,270 LITTLETON RD STE 22,WESTFORD,MA,018863524,42.5569148,-71.4366336131239,2,0
e5274c85-7932-37f2-8f4b-f129adc8e763,b8d40f5c-9e4d-3639-89ef-8bf375cb3184,Joshua658 Howe413,M,GENERAL PRACTICE,190 OLD DERBY STREET,HINGHAM,MA,020434065,42.1807101,-70.9170852970031,3,0
98ebb39a-9452-3c16-92b6-98e7fd64ae8b,a537b406-fdfa-36b4-84da-12512e7e6c63,Margrett284 Davis923,F,GENERAL PRACTICE,795 MIDDLE ST,STOUGHTON,MA,020721829,42.1252079,-71.1022015,87,0
2c38a2ca-12ec-3e6e-ab78-e6e5bea2516a,9adfae03-673d-365d-9052-f705098fa3e4,Sharilyn202 Wolff180,F,GENERAL PRACTICE,51 BLOSSOM ST,BOSTON,MA,021142699,42.36305545,-71.06643399281765,351,0
118c94c1-1507-36ba-9533-bfa25c385e16,46912be1-43b9-3c0c-9fbd-3d123f2eacc6,Vernita491 Kutch271,F,GENERAL PRACTICE,821 DANIEL SHAYS HWY,ATHOL,MA,013316903,42.572540548950265,-72.2674105528448,1,0
72949cae-deaa-3393-9661-e4d7d9c39fdc,48a07866-e8d7-3268-aa3c-ca3237c8e6f3,Devona405 Stamm704,F,GENERAL PRACTICE,188 PROVIDENCE ST,HYDE PARK,MA,021361861,42.2682551,-71.12174592925336,39,0
96f699d7-0363-3958-802d-dad27b89e2db,25431f9a-00e4-36d8-9810-4125328eec50,Paris331 Ruecker817,M,GENERAL PRACTICE,55 FRUIT ST,WALTHAM,MA,02451,42.3756401,-71.2358004,91,0
e9579d4e-4d22-30f7-8b32-ecad8330fdf1,029b3003-b21a-30e7-b84e-0063558fc04b,Russ979 Hills818,M,GENERAL PRACTICE,97 BETHANY RD,FRAMINGHAM,MA,017027237,42.264920202566366,-71.43067623259627,2,0
f32145fc-1cf9-35da-9e90-e2791c49e220,89171335-b9c0-3326-98d6-a837d432b9fd,Vicente970 Alonzo487,M,GENERAL PRACTICE,150 FLANDERS ROAD,LYNN,MA,019042915,42.466763,-70.9494939,207,0
5758d6a3-3c5f-3071-b899-085b7d445c4f,15d0e449-642a-3d9e-8629-16c7e4a9e4b4,Zelda766 Schmitt836,F,GENERAL PRACTICE,71 CENTER ST,FAIRHAVEN,MA,027193822,41.635798300000005,-70.90010980146215,1,0
59f54a13-328e-3f9c-bbcd-62755d33e7e1,01bde980-bf89-3138-8912-7360dff33247,Antonia30 Elizondo706,F,GENERAL PRACTICE,456 PARK AVE,WORCESTER,MA,016101254,42.25512735,-71.82580924803523,27,0
fb79ce29-6760-3b18-a891-452e5a21983c,217cb6f6-e822-3831-9d9d-ffa104971042,Luther918 Jakubowski832,M,GENERAL PRACTICE,2 REHABILITATION WAY,WOBURN,MA,018016003,42.46352265,-71.161925472006,82,0
f3213bb1-0e75-3d2b-9fed-08420747f28f,8a6e21d0-da20-3378-8176-4e5ad2b51983,Eduardo902 Méndez913,M,GENERAL PRACTICE,84 ELM STREET,HOLLISTON,MA,017462138,42.20234485,-71.42493275079366,7,0
d3918c1a-7915-3cd1-8f6b-d3efa35e294f,4e56c7ec-99e5-3023-8e4f-95ad18a03f06,Regenia619 Bosco882,F,GENERAL PRACTICE,28 RIVERSIDE DR STE 101,PEMBROKE,MA,023594947,42.11004715,-70.77534154695786,84,0
335b856e-b85d-3043-aaa2-15ead5bf186a,e2a8b444-9b8f-36ff-84c4-05ee98589482,Francisco472 Gusikowski974,F,GENERAL PRACTICE,8 SHIPWAY PL # C-8,CHARLESTOWN,MA,021294301,42.3778749,-71.0619957,37,0
32041f6d-acbe-3a5d-a83b-71b6278e67ab,65dac97b-bb0c-38ae-94bc-bf29ac9687ea,Sebastian508 Rowe323,M,GENERAL PRACTICE,265 MAIN STREET,DALTON,MA,012261614,42.472932099999994,-73.17745071097283,50,0
2290544b-95ba-3b77-9b2a-5990d8c86c86,71f4c23f-7559-31ff-8f42-a672e80b85a2,Sallie654 Jast432,F,GENERAL PRACTICE,300 FIRST AVENUE,WESTBOROUGH,MA,015812831,42.2694308,-71.6129907,172,0
2c5ae3aa-ef10-3ec1-b5c7-7463fdb348d0,05f80ed8-6a7a-3728-8b5c-c5c995c8244a,Peter292 Cartwright189,M,GENERAL PRACTICE,150 South Huntington Avenue,Jamaica Plain,MA,02130,42.32809,-71.11076,352,0
68d54196-42b8-386c-a412-0083ac0d2463,3517aff1-b163-3cd5-8fff-19710fcdc1b7,Ladawn167 Cremin516,F,GENERAL PRACTICE,400 HEMENWAY STREET,MARLBOROUGH,MA,017526762,42.36006255767826,-71.5077613040944,2,0
f2f9b34c-598a-3783-89a8-7ec373665bf5,18d2c9c2-4b92-3664-9b8e-419aff3ce942,Aleshia311 Block661,F,GENERAL PRACTICE,175 GROVE STREET,BRAINTREE,MA,021847253,42.19127375,-70.99279579751581,14,0
428db65b-a785-3f9c-b2d4-a46f980a4d78,121b0ad1-1beb-3caa-9271-3d3f726bb727,Kyoko885 Price929,F,GENERAL PRACTICE,1030 MAIN STREET,WALTHAM,MA,024517447,42.375828,-71.2527956,121,0
36988fcc-fe2a-378e-aa60-125b675b32c5,883f57b8-89c6-3dc4-b6da-047705c88623,Parker433 Bailey598,M,GENERAL PRACTICE,363 HIGHLAND AVE,FALL RIVER,MA,027203703,41.7093779,-71.1460783680883,103,0
9d5f1a04-5cc3-35a4-87fa-aacc25a74d00,4f029aea-a3f7-3429-a477-45cfe183c3f9,Curtis94 Lesch175,M,GENERAL PRACTICE,1675 NORTH MAIN STREET,LANCASTER,MA,015232405,42.4761132,-71.6873032,17,0
a990d8c4-2d86-3c48-9350-cdbd8085c73b,f6ba791e-fe68-3596-bef4-60751db6a60e,Miguel815 Perea353,M,GENERAL PRACTICE,37 BIRCH STREET,MILFORD,MA,017575501,42.1424349,-71.48943173357203,34,0
f158d080-ddeb-3409-8360-092ace844885,37854499-6b19-35d5-a5ba-dde729c2c3a3,Cherryl901 Hoppe518,F,GENERAL PRACTICE,97 LIBBEY INDUSTRIAL PARKWAY,WEYMOUTH,MA,021893110,42.19322885,-70.94589987654936,29,0
1a62b95f-d77c-346d-9f3d-909b07b28b79,2fc3d86d-4194-3ad1-bb8a-99d5d34119a1,Delinda651 Krajcik437,F,GENERAL PRACTICE,300 CONGRESS ST STE 203,QUINCY,MA,021690907,42.2345525,-71.01493330273374,119,0
b1f0af2e-9ebd-37d9-a335-5a47f4225914,5aa5bbc8-a339-300d-abc2-3c85bf4b5068,Sharee66 Prosacco716,F,GENERAL PRACTICE,8 COLONIAL DR,WESTBOROUGH,MA,015811407,42.2727712,-71.60893826083459,1,0
c3931813-0dcc-37e0-8827-b283f5319259,e1892a2c-6dca-3c4c-93b7-0e00a9eb8b61,Maragaret140 Erdman779,F,GENERAL PRACTICE,20 EAST ST,HANOVER,MA,023391638,42.1278249,-70.82664947485381,109,0
28632060-e995-350c-8706-a8ffbbcdae6e,11a40a26-a5a3-331d-aef0-d06dd90e2b4e,Len277 Wintheiser220,M,GENERAL PRACTICE,10 OSTERVILLE WEST BARNSTABLE RD,YARMOUTH PORT,MA,026752000,41.7020544,-70.249465,62,0
b0536c73-5a4b-3709-b21b-badd58333238,b954c464-11ea-312b-a3f8-1350775bfa54,Hortensia953 Walker122,F,GENERAL PRACTICE,123 CAPTAIN'S ROW,CHELSEA,MA,021504019,42.3917638,-71.0328284,28,0
6e7b614d-dc53-3129-953e-ff2fa83f0fd0,0dfa7ab2-4acc-360c-ab55-beb8e38a8c1d,Arnoldo445 Osinski784,M,GENERAL PRACTICE,36 CORTADGE PARK,PLYMOUTH,MA,023607320,41.9426657,-70.7618592,46,0
ee0229d1-e901-3648-92bb-02c1fe319aef,95f6c328-96dd-3fb8-a56e-9aad566094b4,Burton124 Schoen8,M,GENERAL PRACTICE,4 STONY HILL ROAD,WILBRAHAM,MA,010951027,42.1552861,-72.48384800788648,6,0
52cd50c3-7fd0-34c6-86c6-55967f1e4dfb,19f958ef-57cf-33c1-b068-14b32a980813,Aura483 Bruen238,F,GENERAL PRACTICE,155 BROADWAY RD,DRACUT,MA,018262754,42.67578279999999,-71.29320171860073,62,0
ed9b17f6-82c8-36c8-9e5b-5a7fd12038a6,6d16a8e3-3569-38ab-afac-a2f8c1125085,Miguelina323 Crona259,F,GENERAL PRACTICE,1010 WALTHAM STREET,LEXINGTON,MA,024218052,42.4139392,-71.22929265883278,77,0
6d0ee1d1-4a68-335a-9a39-b006e338df55,486bf543-9696-3d51-aa70-28a3044ce490,Chad48 Weissnat378,M,GENERAL PRACTICE,777 NORTH STREET,PITTSFIELD,MA,012014147,42.46054825,-73.24880457390918,28,0
63dd7c2a-7b56-34d5-84c1-6ac5af1a41bc,91808f17-7583-32a3-aa55-23b131b327c7,Jospeh459 Wunsch504,M,GENERAL PRACTICE,200 CORDWAINER DR,NORWELL,MA,020611671,42.16352995,-70.8846291501739,19,0
7c98e2ba-edcc-3a71-95d2-118b975039b0,02d7b144-352f-3eac-97db-6fc4a95bf1fa,Dante562 Reinger292,M,GENERAL PRACTICE,120 SEMINARY AVENUE,AUBURNDALE,MA,024662650,42.34002614299451,-71.24911543639162,3,0
e3575927-5512-30f7-a804-ae3b0c738905,53f086de-2fc7-3d35-92c2-aca4ed944e7f,Carisa395 Kutch271,F,GENERAL PRACTICE,1 GENERAL ST,LAWRENCE,MA,018412961,42.7097143,-71.15007700778098,573,0
24a4ce97-5055-36f6-a0c9-fb3932fe8cb1,20f63278-6709-3195-b767-782d2a10bd5c,Guadalupe206 León820,F,GENERAL PRACTICE,640 CONCORD AVENUE,CAMBRIDGE,MA,021381116,42.389222000000004,-71.14799280677965,26,0
dc016f98-559b-33ac-a0fe-2f6e593c7d94,c709c5eb-ddd7-3778-84f7-0931a4d1c718,Jim478 Goyette777,M,GENERAL PRACTICE,1200 CENTRE ST,ROSLINDALE,MA,021311000,42.29768,-71.130463,166,0
a6a514d8-b347-3de2-9615-894d56617666,8d81bd8c-ad6c-37f7-95c9-75fd3de24e86,Clare187 Marquardt819,F,GENERAL PRACTICE,118 MAIN ST,STURBRIDGE,MA,015661533,42.0905134,-72.06606362965572,23,0
1dcac462-d79e-38d4-a2a0-b9d733d8e2ae,c05d73d0-b348-32ce-9fe5-13a720950f37,Rema399 McDermott739,F,GENERAL PRACTICE,45 DRUM HILL RD,CHELMSFORD,MA,018241503,42.6255635,-71.3615131,68,0
3dec42da-36c3-302f-8a62-2980e1d93889,e2d88cfd-5294-39cb-8580-4661141bfaa1,Jan231 Ernser583,M,GENERAL PRACTICE,195 PLEASANT ST,ATTLEBORO,MA,027032419,41.9502721,-71.27325564751882,1,0
c882d2d4-7761-3e84-b2c0-5cca3c20607c,d70d47dc-b40c-3a04-8342-35cbfe716409,Lakenya863 Hilpert278,F,GENERAL PRACTICE,83 LITTLEFIELD RD,NEWTON,MA,024593010,42.3104327,-71.18883283411856,92,0
e6365196-bec1-3652-9b11-123c78dd030e,de3cc142-803a-3ed4-8945-75ec88a84784,Brittni468 Trantow673,F,GENERAL PRACTICE,51 HOSPITAL ROAD,BALDWINVILLE,MA,014361215,42.6108483,-72.0608364,6,0
935c369f-11c4-39c0-a087-c019ad338534,0592d4e5-a0fb-3143-83cd-8e5a6b066a96,Mica978 Lemke654,F,GENERAL PRACTICE,20 EAST ST,HANOVER,MA,023391638,42.1278249,-70.82664947485381,53,0
7e20c9a6-0ca1-32b6-a1bc-f681f57d2673,c67ca7ed-4769-3b6c-a0a9-993f1227ff10,Londa304 Veum823,F,GENERAL PRACTICE,1 BLACKBURN DR,GLOUCESTER,MA,019302237,42.6269312,-70.65555242413386,80,0
1e1df6be-2351-32ed-964e-3116f05923bb,6b9c5830-a278-38ff-887f-ccefd74cf8e8,Rodney21 Hettinger594,M,GENERAL PRACTICE,184 LINCOLN STREET,NORTH EASTON,MA,023561799,42.06665855,-71.11947646404934,18,0
5d86d834-0d1a-396f-9e6c-1d9544c6141a,7b5bf0fc-c5c0-3f22-980b-fdfff326a9b4,Isidro558 Kling921,M,GENERAL PRACTICE,40 CUMBERLAND AVE,NORTH ATTLEBORO,MA,027604445,41.9316677,-71.35407469790115,2,0
20fb88d4-357c-324c-a986-60f3ffa7e37f,ba07b31b-bf14-39b8-be95-4c5ca5062daa,Hermelinda327 Hyatt152,F,GENERAL PRACTICE,1575 CAMBRIDGE ST,CAMBRIDGE,MA,021384308,42.375209549999994,-71.10711344152975,69,0
212d714f-b3cb-3ffb-8b34-a0227cb2b2d4,064ba8c8-f6f7-3582-8f41-c963ceedfee4,Bernie827 Ankunding277,M,GENERAL PRACTICE,500 BELMONT STREET,BROCKTON,MA,023014985,42.07465845,-71.03975419622803,3,0
cf474259-8c37-385b-bd2e-174164f1a0ea,6aae7a31-90df-3455-ad8d-81f8cf2d21e8,Damaris45 Funk324,F,GENERAL PRACTICE,680 CENTRE ST,BROCKTON,MA,023023308,42.0872752,-70.9910738855076,471,0
86fa1ae8-900c-3499-ac9a-be378191c106,14036728-b721-3e4b-8755-8ee8ab6ed15e,Rocky100 Schmeler639,M,GENERAL PRACTICE,625 MOUNT AUBURN ST,CAMBRIDGE,MA,021384518,42.375351,-71.1468628,73,0
